
--- 2024-12-25T16:45:59.574Z debug
🪵  Writing logs to "/home/yvesd/.config/.wrangler/logs/wrangler-2024-12-25_16-45-59_478.log"
---

--- 2024-12-25T16:45:59.574Z debug
.env file not found at "/home/yvesd/Codebases/Yves-donato/yves-proj/.dev.vars". Continuing... For more details, refer to https://developers.cloudflare.com/workers/wrangler/system-environment-variables/
---

--- 2024-12-25T16:46:00.522Z debug
.env file not found at "/home/yvesd/Codebases/Yves-donato/yves-proj/.dev.vars". Continuing... For more details, refer to https://developers.cloudflare.com/workers/wrangler/system-environment-variables/
---

--- 2024-12-25T16:46:00.527Z debug
.env file not found at "/home/yvesd/Codebases/Yves-donato/yves-proj/.dev.vars". Continuing... For more details, refer to https://developers.cloudflare.com/workers/wrangler/system-environment-variables/
---

--- 2024-12-25T17:27:20.347Z debug
.env file not found at "/home/yvesd/Codebases/Yves-donato/yves-proj/.dev.vars". Continuing... For more details, refer to https://developers.cloudflare.com/workers/wrangler/system-environment-variables/
---

--- 2024-12-25T17:27:20.355Z debug
.env file not found at "/home/yvesd/Codebases/Yves-donato/yves-proj/.dev.vars". Continuing... For more details, refer to https://developers.cloudflare.com/workers/wrangler/system-environment-variables/
---

--- 2024-12-25T17:27:20.360Z debug
.env file not found at "/home/yvesd/Codebases/Yves-donato/yves-proj/.dev.vars". Continuing... For more details, refer to https://developers.cloudflare.com/workers/wrangler/system-environment-variables/
---

--- 2024-12-25T17:27:20.363Z debug
.env file not found at "/home/yvesd/Codebases/Yves-donato/yves-proj/.dev.vars". Continuing... For more details, refer to https://developers.cloudflare.com/workers/wrangler/system-environment-variables/
---

--- 2024-12-25T18:00:29.015Z debug
.env file not found at "/home/yvesd/Codebases/Yves-donato/yves-proj/.dev.vars". Continuing... For more details, refer to https://developers.cloudflare.com/workers/wrangler/system-environment-variables/
---

--- 2024-12-25T18:00:29.025Z debug
.env file not found at "/home/yvesd/Codebases/Yves-donato/yves-proj/.dev.vars". Continuing... For more details, refer to https://developers.cloudflare.com/workers/wrangler/system-environment-variables/
---

--- 2024-12-25T18:00:29.048Z debug
.env file not found at "/home/yvesd/Codebases/Yves-donato/yves-proj/.dev.vars". Continuing... For more details, refer to https://developers.cloudflare.com/workers/wrangler/system-environment-variables/
---

--- 2024-12-25T18:00:29.052Z debug
.env file not found at "/home/yvesd/Codebases/Yves-donato/yves-proj/.dev.vars". Continuing... For more details, refer to https://developers.cloudflare.com/workers/wrangler/system-environment-variables/
---

--- 2024-12-25T18:00:29.057Z debug
.env file not found at "/home/yvesd/Codebases/Yves-donato/yves-proj/.dev.vars". Continuing... For more details, refer to https://developers.cloudflare.com/workers/wrangler/system-environment-variables/
---

--- 2024-12-25T18:00:29.061Z debug
.env file not found at "/home/yvesd/Codebases/Yves-donato/yves-proj/.dev.vars". Continuing... For more details, refer to https://developers.cloudflare.com/workers/wrangler/system-environment-variables/
---

--- 2024-12-25T18:00:29.065Z debug
.env file not found at "/home/yvesd/Codebases/Yves-donato/yves-proj/.dev.vars". Continuing... For more details, refer to https://developers.cloudflare.com/workers/wrangler/system-environment-variables/
---

--- 2024-12-25T18:00:29.069Z debug
.env file not found at "/home/yvesd/Codebases/Yves-donato/yves-proj/.dev.vars". Continuing... For more details, refer to https://developers.cloudflare.com/workers/wrangler/system-environment-variables/
---

--- 2024-12-25T18:00:30.932Z debug
.env file not found at "/home/yvesd/Codebases/Yves-donato/yves-proj/.dev.vars". Continuing... For more details, refer to https://developers.cloudflare.com/workers/wrangler/system-environment-variables/
---

--- 2024-12-25T18:00:30.937Z debug
.env file not found at "/home/yvesd/Codebases/Yves-donato/yves-proj/.dev.vars". Continuing... For more details, refer to https://developers.cloudflare.com/workers/wrangler/system-environment-variables/
---

--- 2024-12-25T18:00:30.940Z debug
.env file not found at "/home/yvesd/Codebases/Yves-donato/yves-proj/.dev.vars". Continuing... For more details, refer to https://developers.cloudflare.com/workers/wrangler/system-environment-variables/
---

--- 2024-12-25T18:00:30.943Z debug
.env file not found at "/home/yvesd/Codebases/Yves-donato/yves-proj/.dev.vars". Continuing... For more details, refer to https://developers.cloudflare.com/workers/wrangler/system-environment-variables/
---

--- 2024-12-25T18:00:30.947Z debug
.env file not found at "/home/yvesd/Codebases/Yves-donato/yves-proj/.dev.vars". Continuing... For more details, refer to https://developers.cloudflare.com/workers/wrangler/system-environment-variables/
---

--- 2024-12-25T18:00:30.951Z debug
.env file not found at "/home/yvesd/Codebases/Yves-donato/yves-proj/.dev.vars". Continuing... For more details, refer to https://developers.cloudflare.com/workers/wrangler/system-environment-variables/
---

--- 2024-12-25T18:00:30.954Z debug
.env file not found at "/home/yvesd/Codebases/Yves-donato/yves-proj/.dev.vars". Continuing... For more details, refer to https://developers.cloudflare.com/workers/wrangler/system-environment-variables/
---

--- 2024-12-25T18:00:30.958Z debug
.env file not found at "/home/yvesd/Codebases/Yves-donato/yves-proj/.dev.vars". Continuing... For more details, refer to https://developers.cloudflare.com/workers/wrangler/system-environment-variables/
---

--- 2024-12-25T18:00:30.979Z debug
.env file not found at "/home/yvesd/Codebases/Yves-donato/yves-proj/.dev.vars". Continuing... For more details, refer to https://developers.cloudflare.com/workers/wrangler/system-environment-variables/
---

--- 2024-12-25T18:00:30.982Z debug
.env file not found at "/home/yvesd/Codebases/Yves-donato/yves-proj/.dev.vars". Continuing... For more details, refer to https://developers.cloudflare.com/workers/wrangler/system-environment-variables/
---

--- 2024-12-25T18:00:30.985Z debug
.env file not found at "/home/yvesd/Codebases/Yves-donato/yves-proj/.dev.vars". Continuing... For more details, refer to https://developers.cloudflare.com/workers/wrangler/system-environment-variables/
---

--- 2024-12-25T18:00:30.989Z debug
.env file not found at "/home/yvesd/Codebases/Yves-donato/yves-proj/.dev.vars". Continuing... For more details, refer to https://developers.cloudflare.com/workers/wrangler/system-environment-variables/
---

--- 2024-12-25T18:00:30.992Z debug
.env file not found at "/home/yvesd/Codebases/Yves-donato/yves-proj/.dev.vars". Continuing... For more details, refer to https://developers.cloudflare.com/workers/wrangler/system-environment-variables/
---

--- 2024-12-25T18:00:30.996Z debug
.env file not found at "/home/yvesd/Codebases/Yves-donato/yves-proj/.dev.vars". Continuing... For more details, refer to https://developers.cloudflare.com/workers/wrangler/system-environment-variables/
---

--- 2024-12-25T18:00:31.002Z debug
.env file not found at "/home/yvesd/Codebases/Yves-donato/yves-proj/.dev.vars". Continuing... For more details, refer to https://developers.cloudflare.com/workers/wrangler/system-environment-variables/
---

--- 2024-12-25T18:00:31.005Z debug
.env file not found at "/home/yvesd/Codebases/Yves-donato/yves-proj/.dev.vars". Continuing... For more details, refer to https://developers.cloudflare.com/workers/wrangler/system-environment-variables/
---

--- 2024-12-25T22:23:34.895Z debug
.env file not found at "/home/yvesd/Codebases/Yves-donato/yves-proj/.dev.vars". Continuing... For more details, refer to https://developers.cloudflare.com/workers/wrangler/system-environment-variables/
---

--- 2024-12-25T22:23:34.899Z debug
.env file not found at "/home/yvesd/Codebases/Yves-donato/yves-proj/.dev.vars". Continuing... For more details, refer to https://developers.cloudflare.com/workers/wrangler/system-environment-variables/
---

--- 2024-12-25T22:23:34.901Z debug
.env file not found at "/home/yvesd/Codebases/Yves-donato/yves-proj/.dev.vars". Continuing... For more details, refer to https://developers.cloudflare.com/workers/wrangler/system-environment-variables/
---

--- 2024-12-25T22:23:34.904Z debug
.env file not found at "/home/yvesd/Codebases/Yves-donato/yves-proj/.dev.vars". Continuing... For more details, refer to https://developers.cloudflare.com/workers/wrangler/system-environment-variables/
---

--- 2024-12-25T22:23:34.907Z debug
.env file not found at "/home/yvesd/Codebases/Yves-donato/yves-proj/.dev.vars". Continuing... For more details, refer to https://developers.cloudflare.com/workers/wrangler/system-environment-variables/
---

--- 2024-12-25T22:23:34.909Z debug
.env file not found at "/home/yvesd/Codebases/Yves-donato/yves-proj/.dev.vars". Continuing... For more details, refer to https://developers.cloudflare.com/workers/wrangler/system-environment-variables/
---

--- 2024-12-25T22:23:34.912Z debug
.env file not found at "/home/yvesd/Codebases/Yves-donato/yves-proj/.dev.vars". Continuing... For more details, refer to https://developers.cloudflare.com/workers/wrangler/system-environment-variables/
---

--- 2024-12-25T22:23:34.915Z debug
.env file not found at "/home/yvesd/Codebases/Yves-donato/yves-proj/.dev.vars". Continuing... For more details, refer to https://developers.cloudflare.com/workers/wrangler/system-environment-variables/
---

--- 2024-12-25T22:23:34.918Z debug
.env file not found at "/home/yvesd/Codebases/Yves-donato/yves-proj/.dev.vars". Continuing... For more details, refer to https://developers.cloudflare.com/workers/wrangler/system-environment-variables/
---

--- 2024-12-25T22:23:34.920Z debug
.env file not found at "/home/yvesd/Codebases/Yves-donato/yves-proj/.dev.vars". Continuing... For more details, refer to https://developers.cloudflare.com/workers/wrangler/system-environment-variables/
---

--- 2024-12-25T22:23:34.970Z debug
.env file not found at "/home/yvesd/Codebases/Yves-donato/yves-proj/.dev.vars". Continuing... For more details, refer to https://developers.cloudflare.com/workers/wrangler/system-environment-variables/
---

--- 2024-12-25T22:23:34.973Z debug
.env file not found at "/home/yvesd/Codebases/Yves-donato/yves-proj/.dev.vars". Continuing... For more details, refer to https://developers.cloudflare.com/workers/wrangler/system-environment-variables/
---

--- 2024-12-25T22:23:34.976Z debug
.env file not found at "/home/yvesd/Codebases/Yves-donato/yves-proj/.dev.vars". Continuing... For more details, refer to https://developers.cloudflare.com/workers/wrangler/system-environment-variables/
---

--- 2024-12-25T22:23:34.978Z debug
.env file not found at "/home/yvesd/Codebases/Yves-donato/yves-proj/.dev.vars". Continuing... For more details, refer to https://developers.cloudflare.com/workers/wrangler/system-environment-variables/
---

--- 2024-12-25T22:23:34.981Z debug
.env file not found at "/home/yvesd/Codebases/Yves-donato/yves-proj/.dev.vars". Continuing... For more details, refer to https://developers.cloudflare.com/workers/wrangler/system-environment-variables/
---

--- 2024-12-25T22:23:34.984Z debug
.env file not found at "/home/yvesd/Codebases/Yves-donato/yves-proj/.dev.vars". Continuing... For more details, refer to https://developers.cloudflare.com/workers/wrangler/system-environment-variables/
---

--- 2024-12-25T22:23:34.986Z debug
.env file not found at "/home/yvesd/Codebases/Yves-donato/yves-proj/.dev.vars". Continuing... For more details, refer to https://developers.cloudflare.com/workers/wrangler/system-environment-variables/
---

--- 2024-12-25T22:23:34.989Z debug
.env file not found at "/home/yvesd/Codebases/Yves-donato/yves-proj/.dev.vars". Continuing... For more details, refer to https://developers.cloudflare.com/workers/wrangler/system-environment-variables/
---

--- 2024-12-25T22:23:34.991Z debug
.env file not found at "/home/yvesd/Codebases/Yves-donato/yves-proj/.dev.vars". Continuing... For more details, refer to https://developers.cloudflare.com/workers/wrangler/system-environment-variables/
---

--- 2024-12-25T22:23:34.997Z debug
.env file not found at "/home/yvesd/Codebases/Yves-donato/yves-proj/.dev.vars". Continuing... For more details, refer to https://developers.cloudflare.com/workers/wrangler/system-environment-variables/
---

--- 2024-12-25T22:23:34.999Z debug
.env file not found at "/home/yvesd/Codebases/Yves-donato/yves-proj/.dev.vars". Continuing... For more details, refer to https://developers.cloudflare.com/workers/wrangler/system-environment-variables/
---

--- 2024-12-25T22:23:35.002Z debug
.env file not found at "/home/yvesd/Codebases/Yves-donato/yves-proj/.dev.vars". Continuing... For more details, refer to https://developers.cloudflare.com/workers/wrangler/system-environment-variables/
---

--- 2024-12-25T22:23:35.005Z debug
.env file not found at "/home/yvesd/Codebases/Yves-donato/yves-proj/.dev.vars". Continuing... For more details, refer to https://developers.cloudflare.com/workers/wrangler/system-environment-variables/
---

--- 2024-12-25T22:23:35.007Z debug
.env file not found at "/home/yvesd/Codebases/Yves-donato/yves-proj/.dev.vars". Continuing... For more details, refer to https://developers.cloudflare.com/workers/wrangler/system-environment-variables/
---

--- 2024-12-25T22:23:35.010Z debug
.env file not found at "/home/yvesd/Codebases/Yves-donato/yves-proj/.dev.vars". Continuing... For more details, refer to https://developers.cloudflare.com/workers/wrangler/system-environment-variables/
---

--- 2024-12-25T22:23:35.014Z debug
.env file not found at "/home/yvesd/Codebases/Yves-donato/yves-proj/.dev.vars". Continuing... For more details, refer to https://developers.cloudflare.com/workers/wrangler/system-environment-variables/
---

--- 2024-12-25T22:23:35.017Z debug
.env file not found at "/home/yvesd/Codebases/Yves-donato/yves-proj/.dev.vars". Continuing... For more details, refer to https://developers.cloudflare.com/workers/wrangler/system-environment-variables/
---

--- 2024-12-25T22:23:35.021Z debug
.env file not found at "/home/yvesd/Codebases/Yves-donato/yves-proj/.dev.vars". Continuing... For more details, refer to https://developers.cloudflare.com/workers/wrangler/system-environment-variables/
---

--- 2024-12-25T22:23:35.024Z debug
.env file not found at "/home/yvesd/Codebases/Yves-donato/yves-proj/.dev.vars". Continuing... For more details, refer to https://developers.cloudflare.com/workers/wrangler/system-environment-variables/
---

--- 2024-12-25T22:23:35.028Z debug
.env file not found at "/home/yvesd/Codebases/Yves-donato/yves-proj/.dev.vars". Continuing... For more details, refer to https://developers.cloudflare.com/workers/wrangler/system-environment-variables/
---

--- 2024-12-25T22:23:35.033Z debug
.env file not found at "/home/yvesd/Codebases/Yves-donato/yves-proj/.dev.vars". Continuing... For more details, refer to https://developers.cloudflare.com/workers/wrangler/system-environment-variables/
---

--- 2024-12-25T22:23:35.035Z debug
.env file not found at "/home/yvesd/Codebases/Yves-donato/yves-proj/.dev.vars". Continuing... For more details, refer to https://developers.cloudflare.com/workers/wrangler/system-environment-variables/
---

--- 2024-12-25T22:42:15.675Z debug
.env file not found at "/home/yvesd/Codebases/Yves-donato/yves-proj/.dev.vars". Continuing... For more details, refer to https://developers.cloudflare.com/workers/wrangler/system-environment-variables/
---

--- 2024-12-25T22:42:15.679Z debug
.env file not found at "/home/yvesd/Codebases/Yves-donato/yves-proj/.dev.vars". Continuing... For more details, refer to https://developers.cloudflare.com/workers/wrangler/system-environment-variables/
---

--- 2024-12-25T22:42:15.682Z debug
.env file not found at "/home/yvesd/Codebases/Yves-donato/yves-proj/.dev.vars". Continuing... For more details, refer to https://developers.cloudflare.com/workers/wrangler/system-environment-variables/
---

--- 2024-12-25T22:42:15.684Z debug
.env file not found at "/home/yvesd/Codebases/Yves-donato/yves-proj/.dev.vars". Continuing... For more details, refer to https://developers.cloudflare.com/workers/wrangler/system-environment-variables/
---

--- 2024-12-25T22:42:15.688Z debug
.env file not found at "/home/yvesd/Codebases/Yves-donato/yves-proj/.dev.vars". Continuing... For more details, refer to https://developers.cloudflare.com/workers/wrangler/system-environment-variables/
---

--- 2024-12-25T22:42:15.691Z debug
.env file not found at "/home/yvesd/Codebases/Yves-donato/yves-proj/.dev.vars". Continuing... For more details, refer to https://developers.cloudflare.com/workers/wrangler/system-environment-variables/
---

--- 2024-12-25T22:42:15.694Z debug
.env file not found at "/home/yvesd/Codebases/Yves-donato/yves-proj/.dev.vars". Continuing... For more details, refer to https://developers.cloudflare.com/workers/wrangler/system-environment-variables/
---

--- 2024-12-25T22:42:15.696Z debug
.env file not found at "/home/yvesd/Codebases/Yves-donato/yves-proj/.dev.vars". Continuing... For more details, refer to https://developers.cloudflare.com/workers/wrangler/system-environment-variables/
---

--- 2024-12-25T22:42:15.701Z debug
.env file not found at "/home/yvesd/Codebases/Yves-donato/yves-proj/.dev.vars". Continuing... For more details, refer to https://developers.cloudflare.com/workers/wrangler/system-environment-variables/
---

--- 2024-12-25T22:42:15.704Z debug
.env file not found at "/home/yvesd/Codebases/Yves-donato/yves-proj/.dev.vars". Continuing... For more details, refer to https://developers.cloudflare.com/workers/wrangler/system-environment-variables/
---

--- 2024-12-25T22:42:15.706Z debug
.env file not found at "/home/yvesd/Codebases/Yves-donato/yves-proj/.dev.vars". Continuing... For more details, refer to https://developers.cloudflare.com/workers/wrangler/system-environment-variables/
---

--- 2024-12-25T22:42:15.709Z debug
.env file not found at "/home/yvesd/Codebases/Yves-donato/yves-proj/.dev.vars". Continuing... For more details, refer to https://developers.cloudflare.com/workers/wrangler/system-environment-variables/
---

--- 2024-12-25T22:42:15.711Z debug
.env file not found at "/home/yvesd/Codebases/Yves-donato/yves-proj/.dev.vars". Continuing... For more details, refer to https://developers.cloudflare.com/workers/wrangler/system-environment-variables/
---

--- 2024-12-25T22:42:15.714Z debug
.env file not found at "/home/yvesd/Codebases/Yves-donato/yves-proj/.dev.vars". Continuing... For more details, refer to https://developers.cloudflare.com/workers/wrangler/system-environment-variables/
---

--- 2024-12-25T22:42:15.717Z debug
.env file not found at "/home/yvesd/Codebases/Yves-donato/yves-proj/.dev.vars". Continuing... For more details, refer to https://developers.cloudflare.com/workers/wrangler/system-environment-variables/
---

--- 2024-12-25T22:42:15.719Z debug
.env file not found at "/home/yvesd/Codebases/Yves-donato/yves-proj/.dev.vars". Continuing... For more details, refer to https://developers.cloudflare.com/workers/wrangler/system-environment-variables/
---

--- 2024-12-25T22:42:15.723Z debug
.env file not found at "/home/yvesd/Codebases/Yves-donato/yves-proj/.dev.vars". Continuing... For more details, refer to https://developers.cloudflare.com/workers/wrangler/system-environment-variables/
---

--- 2024-12-25T22:42:15.726Z debug
.env file not found at "/home/yvesd/Codebases/Yves-donato/yves-proj/.dev.vars". Continuing... For more details, refer to https://developers.cloudflare.com/workers/wrangler/system-environment-variables/
---

--- 2024-12-25T22:42:15.729Z debug
.env file not found at "/home/yvesd/Codebases/Yves-donato/yves-proj/.dev.vars". Continuing... For more details, refer to https://developers.cloudflare.com/workers/wrangler/system-environment-variables/
---

--- 2024-12-25T22:42:15.736Z debug
.env file not found at "/home/yvesd/Codebases/Yves-donato/yves-proj/.dev.vars". Continuing... For more details, refer to https://developers.cloudflare.com/workers/wrangler/system-environment-variables/
---

--- 2024-12-25T22:42:15.740Z debug
.env file not found at "/home/yvesd/Codebases/Yves-donato/yves-proj/.dev.vars". Continuing... For more details, refer to https://developers.cloudflare.com/workers/wrangler/system-environment-variables/
---

--- 2024-12-25T22:42:15.743Z debug
.env file not found at "/home/yvesd/Codebases/Yves-donato/yves-proj/.dev.vars". Continuing... For more details, refer to https://developers.cloudflare.com/workers/wrangler/system-environment-variables/
---

--- 2024-12-25T22:42:15.745Z debug
.env file not found at "/home/yvesd/Codebases/Yves-donato/yves-proj/.dev.vars". Continuing... For more details, refer to https://developers.cloudflare.com/workers/wrangler/system-environment-variables/
---

--- 2024-12-25T22:42:15.748Z debug
.env file not found at "/home/yvesd/Codebases/Yves-donato/yves-proj/.dev.vars". Continuing... For more details, refer to https://developers.cloudflare.com/workers/wrangler/system-environment-variables/
---

--- 2024-12-25T22:42:15.750Z debug
.env file not found at "/home/yvesd/Codebases/Yves-donato/yves-proj/.dev.vars". Continuing... For more details, refer to https://developers.cloudflare.com/workers/wrangler/system-environment-variables/
---

--- 2024-12-25T22:42:15.753Z debug
.env file not found at "/home/yvesd/Codebases/Yves-donato/yves-proj/.dev.vars". Continuing... For more details, refer to https://developers.cloudflare.com/workers/wrangler/system-environment-variables/
---

--- 2024-12-25T22:42:15.755Z debug
.env file not found at "/home/yvesd/Codebases/Yves-donato/yves-proj/.dev.vars". Continuing... For more details, refer to https://developers.cloudflare.com/workers/wrangler/system-environment-variables/
---

--- 2024-12-25T22:42:15.758Z debug
.env file not found at "/home/yvesd/Codebases/Yves-donato/yves-proj/.dev.vars". Continuing... For more details, refer to https://developers.cloudflare.com/workers/wrangler/system-environment-variables/
---

--- 2024-12-25T22:42:15.761Z debug
.env file not found at "/home/yvesd/Codebases/Yves-donato/yves-proj/.dev.vars". Continuing... For more details, refer to https://developers.cloudflare.com/workers/wrangler/system-environment-variables/
---

--- 2024-12-25T22:42:15.764Z debug
.env file not found at "/home/yvesd/Codebases/Yves-donato/yves-proj/.dev.vars". Continuing... For more details, refer to https://developers.cloudflare.com/workers/wrangler/system-environment-variables/
---

--- 2024-12-25T22:42:15.768Z debug
.env file not found at "/home/yvesd/Codebases/Yves-donato/yves-proj/.dev.vars". Continuing... For more details, refer to https://developers.cloudflare.com/workers/wrangler/system-environment-variables/
---

--- 2024-12-25T22:42:15.771Z debug
.env file not found at "/home/yvesd/Codebases/Yves-donato/yves-proj/.dev.vars". Continuing... For more details, refer to https://developers.cloudflare.com/workers/wrangler/system-environment-variables/
---

--- 2024-12-25T22:42:15.773Z debug
.env file not found at "/home/yvesd/Codebases/Yves-donato/yves-proj/.dev.vars". Continuing... For more details, refer to https://developers.cloudflare.com/workers/wrangler/system-environment-variables/
---

--- 2024-12-25T22:42:15.776Z debug
.env file not found at "/home/yvesd/Codebases/Yves-donato/yves-proj/.dev.vars". Continuing... For more details, refer to https://developers.cloudflare.com/workers/wrangler/system-environment-variables/
---

--- 2024-12-25T22:42:15.779Z debug
.env file not found at "/home/yvesd/Codebases/Yves-donato/yves-proj/.dev.vars". Continuing... For more details, refer to https://developers.cloudflare.com/workers/wrangler/system-environment-variables/
---

--- 2024-12-25T22:42:15.783Z debug
.env file not found at "/home/yvesd/Codebases/Yves-donato/yves-proj/.dev.vars". Continuing... For more details, refer to https://developers.cloudflare.com/workers/wrangler/system-environment-variables/
---

--- 2024-12-25T22:42:15.787Z debug
.env file not found at "/home/yvesd/Codebases/Yves-donato/yves-proj/.dev.vars". Continuing... For more details, refer to https://developers.cloudflare.com/workers/wrangler/system-environment-variables/
---

--- 2024-12-25T22:42:15.790Z debug
.env file not found at "/home/yvesd/Codebases/Yves-donato/yves-proj/.dev.vars". Continuing... For more details, refer to https://developers.cloudflare.com/workers/wrangler/system-environment-variables/
---

--- 2024-12-25T22:42:15.794Z debug
.env file not found at "/home/yvesd/Codebases/Yves-donato/yves-proj/.dev.vars". Continuing... For more details, refer to https://developers.cloudflare.com/workers/wrangler/system-environment-variables/
---

--- 2024-12-25T22:42:15.796Z debug
.env file not found at "/home/yvesd/Codebases/Yves-donato/yves-proj/.dev.vars". Continuing... For more details, refer to https://developers.cloudflare.com/workers/wrangler/system-environment-variables/
---

--- 2024-12-25T22:42:15.799Z debug
.env file not found at "/home/yvesd/Codebases/Yves-donato/yves-proj/.dev.vars". Continuing... For more details, refer to https://developers.cloudflare.com/workers/wrangler/system-environment-variables/
---

--- 2024-12-25T22:42:15.839Z debug
.env file not found at "/home/yvesd/Codebases/Yves-donato/yves-proj/.dev.vars". Continuing... For more details, refer to https://developers.cloudflare.com/workers/wrangler/system-environment-variables/
---

--- 2024-12-25T22:42:15.842Z debug
.env file not found at "/home/yvesd/Codebases/Yves-donato/yves-proj/.dev.vars". Continuing... For more details, refer to https://developers.cloudflare.com/workers/wrangler/system-environment-variables/
---

--- 2024-12-25T22:42:15.844Z debug
.env file not found at "/home/yvesd/Codebases/Yves-donato/yves-proj/.dev.vars". Continuing... For more details, refer to https://developers.cloudflare.com/workers/wrangler/system-environment-variables/
---

--- 2024-12-25T22:42:15.847Z debug
.env file not found at "/home/yvesd/Codebases/Yves-donato/yves-proj/.dev.vars". Continuing... For more details, refer to https://developers.cloudflare.com/workers/wrangler/system-environment-variables/
---

--- 2024-12-25T22:42:15.850Z debug
.env file not found at "/home/yvesd/Codebases/Yves-donato/yves-proj/.dev.vars". Continuing... For more details, refer to https://developers.cloudflare.com/workers/wrangler/system-environment-variables/
---

--- 2024-12-25T22:42:15.852Z debug
.env file not found at "/home/yvesd/Codebases/Yves-donato/yves-proj/.dev.vars". Continuing... For more details, refer to https://developers.cloudflare.com/workers/wrangler/system-environment-variables/
---

--- 2024-12-25T22:42:15.856Z debug
.env file not found at "/home/yvesd/Codebases/Yves-donato/yves-proj/.dev.vars". Continuing... For more details, refer to https://developers.cloudflare.com/workers/wrangler/system-environment-variables/
---

--- 2024-12-25T22:42:15.858Z debug
.env file not found at "/home/yvesd/Codebases/Yves-donato/yves-proj/.dev.vars". Continuing... For more details, refer to https://developers.cloudflare.com/workers/wrangler/system-environment-variables/
---

--- 2024-12-25T22:42:15.863Z debug
.env file not found at "/home/yvesd/Codebases/Yves-donato/yves-proj/.dev.vars". Continuing... For more details, refer to https://developers.cloudflare.com/workers/wrangler/system-environment-variables/
---

--- 2024-12-25T22:42:15.865Z debug
.env file not found at "/home/yvesd/Codebases/Yves-donato/yves-proj/.dev.vars". Continuing... For more details, refer to https://developers.cloudflare.com/workers/wrangler/system-environment-variables/
---

--- 2024-12-25T22:42:15.870Z debug
.env file not found at "/home/yvesd/Codebases/Yves-donato/yves-proj/.dev.vars". Continuing... For more details, refer to https://developers.cloudflare.com/workers/wrangler/system-environment-variables/
---

--- 2024-12-25T22:42:15.873Z debug
.env file not found at "/home/yvesd/Codebases/Yves-donato/yves-proj/.dev.vars". Continuing... For more details, refer to https://developers.cloudflare.com/workers/wrangler/system-environment-variables/
---

--- 2024-12-25T22:42:15.876Z debug
.env file not found at "/home/yvesd/Codebases/Yves-donato/yves-proj/.dev.vars". Continuing... For more details, refer to https://developers.cloudflare.com/workers/wrangler/system-environment-variables/
---

--- 2024-12-25T22:42:15.878Z debug
.env file not found at "/home/yvesd/Codebases/Yves-donato/yves-proj/.dev.vars". Continuing... For more details, refer to https://developers.cloudflare.com/workers/wrangler/system-environment-variables/
---

--- 2024-12-25T22:42:15.882Z debug
.env file not found at "/home/yvesd/Codebases/Yves-donato/yves-proj/.dev.vars". Continuing... For more details, refer to https://developers.cloudflare.com/workers/wrangler/system-environment-variables/
---

--- 2024-12-25T22:42:15.886Z debug
.env file not found at "/home/yvesd/Codebases/Yves-donato/yves-proj/.dev.vars". Continuing... For more details, refer to https://developers.cloudflare.com/workers/wrangler/system-environment-variables/
---

--- 2024-12-25T22:42:15.889Z debug
.env file not found at "/home/yvesd/Codebases/Yves-donato/yves-proj/.dev.vars". Continuing... For more details, refer to https://developers.cloudflare.com/workers/wrangler/system-environment-variables/
---

--- 2024-12-25T22:42:15.891Z debug
.env file not found at "/home/yvesd/Codebases/Yves-donato/yves-proj/.dev.vars". Continuing... For more details, refer to https://developers.cloudflare.com/workers/wrangler/system-environment-variables/
---

--- 2024-12-25T22:42:15.895Z debug
.env file not found at "/home/yvesd/Codebases/Yves-donato/yves-proj/.dev.vars". Continuing... For more details, refer to https://developers.cloudflare.com/workers/wrangler/system-environment-variables/
---

--- 2024-12-25T22:42:15.899Z debug
.env file not found at "/home/yvesd/Codebases/Yves-donato/yves-proj/.dev.vars". Continuing... For more details, refer to https://developers.cloudflare.com/workers/wrangler/system-environment-variables/
---

--- 2024-12-25T22:42:15.903Z debug
.env file not found at "/home/yvesd/Codebases/Yves-donato/yves-proj/.dev.vars". Continuing... For more details, refer to https://developers.cloudflare.com/workers/wrangler/system-environment-variables/
---

--- 2024-12-25T22:42:15.908Z debug
.env file not found at "/home/yvesd/Codebases/Yves-donato/yves-proj/.dev.vars". Continuing... For more details, refer to https://developers.cloudflare.com/workers/wrangler/system-environment-variables/
---

--- 2024-12-25T22:42:15.911Z debug
.env file not found at "/home/yvesd/Codebases/Yves-donato/yves-proj/.dev.vars". Continuing... For more details, refer to https://developers.cloudflare.com/workers/wrangler/system-environment-variables/
---

--- 2024-12-25T22:50:28.713Z debug
.env file not found at "/home/yvesd/Codebases/Yves-donato/yves-proj/.dev.vars". Continuing... For more details, refer to https://developers.cloudflare.com/workers/wrangler/system-environment-variables/
---

--- 2024-12-25T22:50:28.716Z debug
.env file not found at "/home/yvesd/Codebases/Yves-donato/yves-proj/.dev.vars". Continuing... For more details, refer to https://developers.cloudflare.com/workers/wrangler/system-environment-variables/
---

--- 2024-12-25T22:50:28.719Z debug
.env file not found at "/home/yvesd/Codebases/Yves-donato/yves-proj/.dev.vars". Continuing... For more details, refer to https://developers.cloudflare.com/workers/wrangler/system-environment-variables/
---

--- 2024-12-25T22:50:28.722Z debug
.env file not found at "/home/yvesd/Codebases/Yves-donato/yves-proj/.dev.vars". Continuing... For more details, refer to https://developers.cloudflare.com/workers/wrangler/system-environment-variables/
---

--- 2024-12-25T22:50:28.726Z debug
.env file not found at "/home/yvesd/Codebases/Yves-donato/yves-proj/.dev.vars". Continuing... For more details, refer to https://developers.cloudflare.com/workers/wrangler/system-environment-variables/
---

--- 2024-12-25T22:50:28.729Z debug
.env file not found at "/home/yvesd/Codebases/Yves-donato/yves-proj/.dev.vars". Continuing... For more details, refer to https://developers.cloudflare.com/workers/wrangler/system-environment-variables/
---

--- 2024-12-25T22:50:28.731Z debug
.env file not found at "/home/yvesd/Codebases/Yves-donato/yves-proj/.dev.vars". Continuing... For more details, refer to https://developers.cloudflare.com/workers/wrangler/system-environment-variables/
---

--- 2024-12-25T22:50:28.734Z debug
.env file not found at "/home/yvesd/Codebases/Yves-donato/yves-proj/.dev.vars". Continuing... For more details, refer to https://developers.cloudflare.com/workers/wrangler/system-environment-variables/
---

--- 2024-12-25T22:50:28.737Z debug
.env file not found at "/home/yvesd/Codebases/Yves-donato/yves-proj/.dev.vars". Continuing... For more details, refer to https://developers.cloudflare.com/workers/wrangler/system-environment-variables/
---

--- 2024-12-25T22:50:28.740Z debug
.env file not found at "/home/yvesd/Codebases/Yves-donato/yves-proj/.dev.vars". Continuing... For more details, refer to https://developers.cloudflare.com/workers/wrangler/system-environment-variables/
---

--- 2024-12-25T22:50:28.745Z debug
.env file not found at "/home/yvesd/Codebases/Yves-donato/yves-proj/.dev.vars". Continuing... For more details, refer to https://developers.cloudflare.com/workers/wrangler/system-environment-variables/
---

--- 2024-12-25T22:50:28.748Z debug
.env file not found at "/home/yvesd/Codebases/Yves-donato/yves-proj/.dev.vars". Continuing... For more details, refer to https://developers.cloudflare.com/workers/wrangler/system-environment-variables/
---

--- 2024-12-25T22:50:28.751Z debug
.env file not found at "/home/yvesd/Codebases/Yves-donato/yves-proj/.dev.vars". Continuing... For more details, refer to https://developers.cloudflare.com/workers/wrangler/system-environment-variables/
---

--- 2024-12-25T22:50:28.753Z debug
.env file not found at "/home/yvesd/Codebases/Yves-donato/yves-proj/.dev.vars". Continuing... For more details, refer to https://developers.cloudflare.com/workers/wrangler/system-environment-variables/
---

--- 2024-12-25T22:50:28.756Z debug
.env file not found at "/home/yvesd/Codebases/Yves-donato/yves-proj/.dev.vars". Continuing... For more details, refer to https://developers.cloudflare.com/workers/wrangler/system-environment-variables/
---

--- 2024-12-25T22:50:28.758Z debug
.env file not found at "/home/yvesd/Codebases/Yves-donato/yves-proj/.dev.vars". Continuing... For more details, refer to https://developers.cloudflare.com/workers/wrangler/system-environment-variables/
---

--- 2024-12-25T22:50:28.761Z debug
.env file not found at "/home/yvesd/Codebases/Yves-donato/yves-proj/.dev.vars". Continuing... For more details, refer to https://developers.cloudflare.com/workers/wrangler/system-environment-variables/
---

--- 2024-12-25T22:50:28.764Z debug
.env file not found at "/home/yvesd/Codebases/Yves-donato/yves-proj/.dev.vars". Continuing... For more details, refer to https://developers.cloudflare.com/workers/wrangler/system-environment-variables/
---

--- 2024-12-25T22:50:28.766Z debug
.env file not found at "/home/yvesd/Codebases/Yves-donato/yves-proj/.dev.vars". Continuing... For more details, refer to https://developers.cloudflare.com/workers/wrangler/system-environment-variables/
---

--- 2024-12-25T22:50:28.769Z debug
.env file not found at "/home/yvesd/Codebases/Yves-donato/yves-proj/.dev.vars". Continuing... For more details, refer to https://developers.cloudflare.com/workers/wrangler/system-environment-variables/
---

--- 2024-12-25T22:50:28.771Z debug
.env file not found at "/home/yvesd/Codebases/Yves-donato/yves-proj/.dev.vars". Continuing... For more details, refer to https://developers.cloudflare.com/workers/wrangler/system-environment-variables/
---

--- 2024-12-25T22:50:28.778Z debug
.env file not found at "/home/yvesd/Codebases/Yves-donato/yves-proj/.dev.vars". Continuing... For more details, refer to https://developers.cloudflare.com/workers/wrangler/system-environment-variables/
---

--- 2024-12-25T22:50:28.781Z debug
.env file not found at "/home/yvesd/Codebases/Yves-donato/yves-proj/.dev.vars". Continuing... For more details, refer to https://developers.cloudflare.com/workers/wrangler/system-environment-variables/
---

--- 2024-12-25T22:50:28.784Z debug
.env file not found at "/home/yvesd/Codebases/Yves-donato/yves-proj/.dev.vars". Continuing... For more details, refer to https://developers.cloudflare.com/workers/wrangler/system-environment-variables/
---

--- 2024-12-25T22:50:28.786Z debug
.env file not found at "/home/yvesd/Codebases/Yves-donato/yves-proj/.dev.vars". Continuing... For more details, refer to https://developers.cloudflare.com/workers/wrangler/system-environment-variables/
---

--- 2024-12-25T22:50:28.789Z debug
.env file not found at "/home/yvesd/Codebases/Yves-donato/yves-proj/.dev.vars". Continuing... For more details, refer to https://developers.cloudflare.com/workers/wrangler/system-environment-variables/
---

--- 2024-12-25T22:50:28.792Z debug
.env file not found at "/home/yvesd/Codebases/Yves-donato/yves-proj/.dev.vars". Continuing... For more details, refer to https://developers.cloudflare.com/workers/wrangler/system-environment-variables/
---

--- 2024-12-25T22:50:28.794Z debug
.env file not found at "/home/yvesd/Codebases/Yves-donato/yves-proj/.dev.vars". Continuing... For more details, refer to https://developers.cloudflare.com/workers/wrangler/system-environment-variables/
---

--- 2024-12-25T22:50:28.797Z debug
.env file not found at "/home/yvesd/Codebases/Yves-donato/yves-proj/.dev.vars". Continuing... For more details, refer to https://developers.cloudflare.com/workers/wrangler/system-environment-variables/
---

--- 2024-12-25T22:50:28.800Z debug
.env file not found at "/home/yvesd/Codebases/Yves-donato/yves-proj/.dev.vars". Continuing... For more details, refer to https://developers.cloudflare.com/workers/wrangler/system-environment-variables/
---

--- 2024-12-25T22:50:28.802Z debug
.env file not found at "/home/yvesd/Codebases/Yves-donato/yves-proj/.dev.vars". Continuing... For more details, refer to https://developers.cloudflare.com/workers/wrangler/system-environment-variables/
---

--- 2024-12-25T22:50:28.805Z debug
.env file not found at "/home/yvesd/Codebases/Yves-donato/yves-proj/.dev.vars". Continuing... For more details, refer to https://developers.cloudflare.com/workers/wrangler/system-environment-variables/
---

--- 2024-12-25T22:50:28.808Z debug
.env file not found at "/home/yvesd/Codebases/Yves-donato/yves-proj/.dev.vars". Continuing... For more details, refer to https://developers.cloudflare.com/workers/wrangler/system-environment-variables/
---

--- 2024-12-25T22:50:28.894Z debug
.env file not found at "/home/yvesd/Codebases/Yves-donato/yves-proj/.dev.vars". Continuing... For more details, refer to https://developers.cloudflare.com/workers/wrangler/system-environment-variables/
---

--- 2024-12-25T22:50:28.898Z debug
.env file not found at "/home/yvesd/Codebases/Yves-donato/yves-proj/.dev.vars". Continuing... For more details, refer to https://developers.cloudflare.com/workers/wrangler/system-environment-variables/
---

--- 2024-12-25T22:50:28.902Z debug
.env file not found at "/home/yvesd/Codebases/Yves-donato/yves-proj/.dev.vars". Continuing... For more details, refer to https://developers.cloudflare.com/workers/wrangler/system-environment-variables/
---

--- 2024-12-25T22:50:28.906Z debug
.env file not found at "/home/yvesd/Codebases/Yves-donato/yves-proj/.dev.vars". Continuing... For more details, refer to https://developers.cloudflare.com/workers/wrangler/system-environment-variables/
---

--- 2024-12-25T22:50:28.910Z debug
.env file not found at "/home/yvesd/Codebases/Yves-donato/yves-proj/.dev.vars". Continuing... For more details, refer to https://developers.cloudflare.com/workers/wrangler/system-environment-variables/
---

--- 2024-12-25T22:50:28.914Z debug
.env file not found at "/home/yvesd/Codebases/Yves-donato/yves-proj/.dev.vars". Continuing... For more details, refer to https://developers.cloudflare.com/workers/wrangler/system-environment-variables/
---

--- 2024-12-25T22:50:28.919Z debug
.env file not found at "/home/yvesd/Codebases/Yves-donato/yves-proj/.dev.vars". Continuing... For more details, refer to https://developers.cloudflare.com/workers/wrangler/system-environment-variables/
---

--- 2024-12-25T22:50:28.922Z debug
.env file not found at "/home/yvesd/Codebases/Yves-donato/yves-proj/.dev.vars". Continuing... For more details, refer to https://developers.cloudflare.com/workers/wrangler/system-environment-variables/
---

--- 2024-12-25T22:50:28.926Z debug
.env file not found at "/home/yvesd/Codebases/Yves-donato/yves-proj/.dev.vars". Continuing... For more details, refer to https://developers.cloudflare.com/workers/wrangler/system-environment-variables/
---

--- 2024-12-25T22:50:28.932Z debug
.env file not found at "/home/yvesd/Codebases/Yves-donato/yves-proj/.dev.vars". Continuing... For more details, refer to https://developers.cloudflare.com/workers/wrangler/system-environment-variables/
---

--- 2024-12-25T22:50:28.936Z debug
.env file not found at "/home/yvesd/Codebases/Yves-donato/yves-proj/.dev.vars". Continuing... For more details, refer to https://developers.cloudflare.com/workers/wrangler/system-environment-variables/
---

--- 2024-12-25T22:50:28.939Z debug
.env file not found at "/home/yvesd/Codebases/Yves-donato/yves-proj/.dev.vars". Continuing... For more details, refer to https://developers.cloudflare.com/workers/wrangler/system-environment-variables/
---

--- 2024-12-25T22:50:28.943Z debug
.env file not found at "/home/yvesd/Codebases/Yves-donato/yves-proj/.dev.vars". Continuing... For more details, refer to https://developers.cloudflare.com/workers/wrangler/system-environment-variables/
---

--- 2024-12-25T22:50:28.946Z debug
.env file not found at "/home/yvesd/Codebases/Yves-donato/yves-proj/.dev.vars". Continuing... For more details, refer to https://developers.cloudflare.com/workers/wrangler/system-environment-variables/
---

--- 2024-12-25T22:50:28.949Z debug
.env file not found at "/home/yvesd/Codebases/Yves-donato/yves-proj/.dev.vars". Continuing... For more details, refer to https://developers.cloudflare.com/workers/wrangler/system-environment-variables/
---

--- 2024-12-25T22:50:28.952Z debug
.env file not found at "/home/yvesd/Codebases/Yves-donato/yves-proj/.dev.vars". Continuing... For more details, refer to https://developers.cloudflare.com/workers/wrangler/system-environment-variables/
---

--- 2024-12-25T22:50:28.956Z debug
.env file not found at "/home/yvesd/Codebases/Yves-donato/yves-proj/.dev.vars". Continuing... For more details, refer to https://developers.cloudflare.com/workers/wrangler/system-environment-variables/
---

--- 2024-12-25T22:50:28.959Z debug
.env file not found at "/home/yvesd/Codebases/Yves-donato/yves-proj/.dev.vars". Continuing... For more details, refer to https://developers.cloudflare.com/workers/wrangler/system-environment-variables/
---

--- 2024-12-25T22:50:28.962Z debug
.env file not found at "/home/yvesd/Codebases/Yves-donato/yves-proj/.dev.vars". Continuing... For more details, refer to https://developers.cloudflare.com/workers/wrangler/system-environment-variables/
---

--- 2024-12-25T22:50:28.965Z debug
.env file not found at "/home/yvesd/Codebases/Yves-donato/yves-proj/.dev.vars". Continuing... For more details, refer to https://developers.cloudflare.com/workers/wrangler/system-environment-variables/
---

--- 2024-12-25T22:50:28.968Z debug
.env file not found at "/home/yvesd/Codebases/Yves-donato/yves-proj/.dev.vars". Continuing... For more details, refer to https://developers.cloudflare.com/workers/wrangler/system-environment-variables/
---

--- 2024-12-25T22:50:28.974Z debug
.env file not found at "/home/yvesd/Codebases/Yves-donato/yves-proj/.dev.vars". Continuing... For more details, refer to https://developers.cloudflare.com/workers/wrangler/system-environment-variables/
---

--- 2024-12-25T22:50:28.978Z debug
.env file not found at "/home/yvesd/Codebases/Yves-donato/yves-proj/.dev.vars". Continuing... For more details, refer to https://developers.cloudflare.com/workers/wrangler/system-environment-variables/
---

--- 2024-12-25T22:50:28.981Z debug
.env file not found at "/home/yvesd/Codebases/Yves-donato/yves-proj/.dev.vars". Continuing... For more details, refer to https://developers.cloudflare.com/workers/wrangler/system-environment-variables/
---

--- 2024-12-25T22:50:28.985Z debug
.env file not found at "/home/yvesd/Codebases/Yves-donato/yves-proj/.dev.vars". Continuing... For more details, refer to https://developers.cloudflare.com/workers/wrangler/system-environment-variables/
---

--- 2024-12-25T22:50:28.988Z debug
.env file not found at "/home/yvesd/Codebases/Yves-donato/yves-proj/.dev.vars". Continuing... For more details, refer to https://developers.cloudflare.com/workers/wrangler/system-environment-variables/
---

--- 2024-12-25T22:50:28.991Z debug
.env file not found at "/home/yvesd/Codebases/Yves-donato/yves-proj/.dev.vars". Continuing... For more details, refer to https://developers.cloudflare.com/workers/wrangler/system-environment-variables/
---

--- 2024-12-25T22:50:28.994Z debug
.env file not found at "/home/yvesd/Codebases/Yves-donato/yves-proj/.dev.vars". Continuing... For more details, refer to https://developers.cloudflare.com/workers/wrangler/system-environment-variables/
---

--- 2024-12-25T22:50:28.998Z debug
.env file not found at "/home/yvesd/Codebases/Yves-donato/yves-proj/.dev.vars". Continuing... For more details, refer to https://developers.cloudflare.com/workers/wrangler/system-environment-variables/
---

--- 2024-12-25T22:50:29.001Z debug
.env file not found at "/home/yvesd/Codebases/Yves-donato/yves-proj/.dev.vars". Continuing... For more details, refer to https://developers.cloudflare.com/workers/wrangler/system-environment-variables/
---

--- 2024-12-25T22:50:29.005Z debug
.env file not found at "/home/yvesd/Codebases/Yves-donato/yves-proj/.dev.vars". Continuing... For more details, refer to https://developers.cloudflare.com/workers/wrangler/system-environment-variables/
---

--- 2024-12-25T22:50:29.009Z debug
.env file not found at "/home/yvesd/Codebases/Yves-donato/yves-proj/.dev.vars". Continuing... For more details, refer to https://developers.cloudflare.com/workers/wrangler/system-environment-variables/
---

--- 2024-12-25T22:50:29.015Z debug
.env file not found at "/home/yvesd/Codebases/Yves-donato/yves-proj/.dev.vars". Continuing... For more details, refer to https://developers.cloudflare.com/workers/wrangler/system-environment-variables/
---

--- 2024-12-25T22:50:29.018Z debug
.env file not found at "/home/yvesd/Codebases/Yves-donato/yves-proj/.dev.vars". Continuing... For more details, refer to https://developers.cloudflare.com/workers/wrangler/system-environment-variables/
---

--- 2024-12-25T22:50:29.022Z debug
.env file not found at "/home/yvesd/Codebases/Yves-donato/yves-proj/.dev.vars". Continuing... For more details, refer to https://developers.cloudflare.com/workers/wrangler/system-environment-variables/
---

--- 2024-12-25T22:50:29.025Z debug
.env file not found at "/home/yvesd/Codebases/Yves-donato/yves-proj/.dev.vars". Continuing... For more details, refer to https://developers.cloudflare.com/workers/wrangler/system-environment-variables/
---

--- 2024-12-25T22:50:29.028Z debug
.env file not found at "/home/yvesd/Codebases/Yves-donato/yves-proj/.dev.vars". Continuing... For more details, refer to https://developers.cloudflare.com/workers/wrangler/system-environment-variables/
---

--- 2024-12-25T22:50:29.031Z debug
.env file not found at "/home/yvesd/Codebases/Yves-donato/yves-proj/.dev.vars". Continuing... For more details, refer to https://developers.cloudflare.com/workers/wrangler/system-environment-variables/
---

--- 2024-12-25T22:50:29.034Z debug
.env file not found at "/home/yvesd/Codebases/Yves-donato/yves-proj/.dev.vars". Continuing... For more details, refer to https://developers.cloudflare.com/workers/wrangler/system-environment-variables/
---

--- 2024-12-25T22:50:29.037Z debug
.env file not found at "/home/yvesd/Codebases/Yves-donato/yves-proj/.dev.vars". Continuing... For more details, refer to https://developers.cloudflare.com/workers/wrangler/system-environment-variables/
---

--- 2024-12-25T22:50:29.040Z debug
.env file not found at "/home/yvesd/Codebases/Yves-donato/yves-proj/.dev.vars". Continuing... For more details, refer to https://developers.cloudflare.com/workers/wrangler/system-environment-variables/
---

--- 2024-12-25T22:50:29.044Z debug
.env file not found at "/home/yvesd/Codebases/Yves-donato/yves-proj/.dev.vars". Continuing... For more details, refer to https://developers.cloudflare.com/workers/wrangler/system-environment-variables/
---

--- 2024-12-25T22:50:29.048Z debug
.env file not found at "/home/yvesd/Codebases/Yves-donato/yves-proj/.dev.vars". Continuing... For more details, refer to https://developers.cloudflare.com/workers/wrangler/system-environment-variables/
---

--- 2024-12-25T22:50:29.052Z debug
.env file not found at "/home/yvesd/Codebases/Yves-donato/yves-proj/.dev.vars". Continuing... For more details, refer to https://developers.cloudflare.com/workers/wrangler/system-environment-variables/
---

--- 2024-12-25T22:50:29.078Z debug
.env file not found at "/home/yvesd/Codebases/Yves-donato/yves-proj/.dev.vars". Continuing... For more details, refer to https://developers.cloudflare.com/workers/wrangler/system-environment-variables/
---

--- 2024-12-25T22:50:29.081Z debug
.env file not found at "/home/yvesd/Codebases/Yves-donato/yves-proj/.dev.vars". Continuing... For more details, refer to https://developers.cloudflare.com/workers/wrangler/system-environment-variables/
---

--- 2024-12-25T22:50:29.085Z debug
.env file not found at "/home/yvesd/Codebases/Yves-donato/yves-proj/.dev.vars". Continuing... For more details, refer to https://developers.cloudflare.com/workers/wrangler/system-environment-variables/
---

--- 2024-12-25T22:50:29.090Z debug
.env file not found at "/home/yvesd/Codebases/Yves-donato/yves-proj/.dev.vars". Continuing... For more details, refer to https://developers.cloudflare.com/workers/wrangler/system-environment-variables/
---

--- 2024-12-25T22:50:29.093Z debug
.env file not found at "/home/yvesd/Codebases/Yves-donato/yves-proj/.dev.vars". Continuing... For more details, refer to https://developers.cloudflare.com/workers/wrangler/system-environment-variables/
---

--- 2024-12-25T22:50:29.097Z debug
.env file not found at "/home/yvesd/Codebases/Yves-donato/yves-proj/.dev.vars". Continuing... For more details, refer to https://developers.cloudflare.com/workers/wrangler/system-environment-variables/
---

--- 2024-12-25T22:50:29.102Z debug
.env file not found at "/home/yvesd/Codebases/Yves-donato/yves-proj/.dev.vars". Continuing... For more details, refer to https://developers.cloudflare.com/workers/wrangler/system-environment-variables/
---

--- 2024-12-25T22:50:29.106Z debug
.env file not found at "/home/yvesd/Codebases/Yves-donato/yves-proj/.dev.vars". Continuing... For more details, refer to https://developers.cloudflare.com/workers/wrangler/system-environment-variables/
---

--- 2024-12-25T22:50:29.146Z debug
.env file not found at "/home/yvesd/Codebases/Yves-donato/yves-proj/.dev.vars". Continuing... For more details, refer to https://developers.cloudflare.com/workers/wrangler/system-environment-variables/
---

--- 2024-12-25T22:50:29.149Z debug
.env file not found at "/home/yvesd/Codebases/Yves-donato/yves-proj/.dev.vars". Continuing... For more details, refer to https://developers.cloudflare.com/workers/wrangler/system-environment-variables/
---

--- 2024-12-25T22:50:29.152Z debug
.env file not found at "/home/yvesd/Codebases/Yves-donato/yves-proj/.dev.vars". Continuing... For more details, refer to https://developers.cloudflare.com/workers/wrangler/system-environment-variables/
---

--- 2024-12-25T22:50:29.155Z debug
.env file not found at "/home/yvesd/Codebases/Yves-donato/yves-proj/.dev.vars". Continuing... For more details, refer to https://developers.cloudflare.com/workers/wrangler/system-environment-variables/
---

--- 2024-12-25T22:50:29.158Z debug
.env file not found at "/home/yvesd/Codebases/Yves-donato/yves-proj/.dev.vars". Continuing... For more details, refer to https://developers.cloudflare.com/workers/wrangler/system-environment-variables/
---

--- 2024-12-25T22:50:29.161Z debug
.env file not found at "/home/yvesd/Codebases/Yves-donato/yves-proj/.dev.vars". Continuing... For more details, refer to https://developers.cloudflare.com/workers/wrangler/system-environment-variables/
---

--- 2024-12-25T22:50:29.163Z debug
.env file not found at "/home/yvesd/Codebases/Yves-donato/yves-proj/.dev.vars". Continuing... For more details, refer to https://developers.cloudflare.com/workers/wrangler/system-environment-variables/
---

--- 2024-12-25T22:50:29.166Z debug
.env file not found at "/home/yvesd/Codebases/Yves-donato/yves-proj/.dev.vars". Continuing... For more details, refer to https://developers.cloudflare.com/workers/wrangler/system-environment-variables/
---

--- 2024-12-25T22:50:29.169Z debug
.env file not found at "/home/yvesd/Codebases/Yves-donato/yves-proj/.dev.vars". Continuing... For more details, refer to https://developers.cloudflare.com/workers/wrangler/system-environment-variables/
---

--- 2024-12-25T22:50:29.172Z debug
.env file not found at "/home/yvesd/Codebases/Yves-donato/yves-proj/.dev.vars". Continuing... For more details, refer to https://developers.cloudflare.com/workers/wrangler/system-environment-variables/
---

--- 2024-12-25T22:50:29.178Z debug
.env file not found at "/home/yvesd/Codebases/Yves-donato/yves-proj/.dev.vars". Continuing... For more details, refer to https://developers.cloudflare.com/workers/wrangler/system-environment-variables/
---

--- 2024-12-25T22:50:29.181Z debug
.env file not found at "/home/yvesd/Codebases/Yves-donato/yves-proj/.dev.vars". Continuing... For more details, refer to https://developers.cloudflare.com/workers/wrangler/system-environment-variables/
---

--- 2024-12-25T22:50:29.184Z debug
.env file not found at "/home/yvesd/Codebases/Yves-donato/yves-proj/.dev.vars". Continuing... For more details, refer to https://developers.cloudflare.com/workers/wrangler/system-environment-variables/
---

--- 2024-12-25T22:50:29.187Z debug
.env file not found at "/home/yvesd/Codebases/Yves-donato/yves-proj/.dev.vars". Continuing... For more details, refer to https://developers.cloudflare.com/workers/wrangler/system-environment-variables/
---

--- 2024-12-25T22:50:29.191Z debug
.env file not found at "/home/yvesd/Codebases/Yves-donato/yves-proj/.dev.vars". Continuing... For more details, refer to https://developers.cloudflare.com/workers/wrangler/system-environment-variables/
---

--- 2024-12-25T22:50:29.194Z debug
.env file not found at "/home/yvesd/Codebases/Yves-donato/yves-proj/.dev.vars". Continuing... For more details, refer to https://developers.cloudflare.com/workers/wrangler/system-environment-variables/
---

--- 2024-12-25T22:50:29.197Z debug
.env file not found at "/home/yvesd/Codebases/Yves-donato/yves-proj/.dev.vars". Continuing... For more details, refer to https://developers.cloudflare.com/workers/wrangler/system-environment-variables/
---

--- 2024-12-25T22:50:29.200Z debug
.env file not found at "/home/yvesd/Codebases/Yves-donato/yves-proj/.dev.vars". Continuing... For more details, refer to https://developers.cloudflare.com/workers/wrangler/system-environment-variables/
---

--- 2024-12-25T22:50:29.203Z debug
.env file not found at "/home/yvesd/Codebases/Yves-donato/yves-proj/.dev.vars". Continuing... For more details, refer to https://developers.cloudflare.com/workers/wrangler/system-environment-variables/
---

--- 2024-12-25T22:50:29.207Z debug
.env file not found at "/home/yvesd/Codebases/Yves-donato/yves-proj/.dev.vars". Continuing... For more details, refer to https://developers.cloudflare.com/workers/wrangler/system-environment-variables/
---

--- 2024-12-25T22:50:29.256Z debug
.env file not found at "/home/yvesd/Codebases/Yves-donato/yves-proj/.dev.vars". Continuing... For more details, refer to https://developers.cloudflare.com/workers/wrangler/system-environment-variables/
---

--- 2024-12-25T22:50:29.259Z debug
.env file not found at "/home/yvesd/Codebases/Yves-donato/yves-proj/.dev.vars". Continuing... For more details, refer to https://developers.cloudflare.com/workers/wrangler/system-environment-variables/
---

--- 2024-12-25T22:50:29.262Z debug
.env file not found at "/home/yvesd/Codebases/Yves-donato/yves-proj/.dev.vars". Continuing... For more details, refer to https://developers.cloudflare.com/workers/wrangler/system-environment-variables/
---

--- 2024-12-25T22:50:29.266Z debug
.env file not found at "/home/yvesd/Codebases/Yves-donato/yves-proj/.dev.vars". Continuing... For more details, refer to https://developers.cloudflare.com/workers/wrangler/system-environment-variables/
---

--- 2024-12-25T22:50:29.270Z debug
.env file not found at "/home/yvesd/Codebases/Yves-donato/yves-proj/.dev.vars". Continuing... For more details, refer to https://developers.cloudflare.com/workers/wrangler/system-environment-variables/
---

--- 2024-12-25T22:50:29.274Z debug
.env file not found at "/home/yvesd/Codebases/Yves-donato/yves-proj/.dev.vars". Continuing... For more details, refer to https://developers.cloudflare.com/workers/wrangler/system-environment-variables/
---

--- 2024-12-25T22:50:29.277Z debug
.env file not found at "/home/yvesd/Codebases/Yves-donato/yves-proj/.dev.vars". Continuing... For more details, refer to https://developers.cloudflare.com/workers/wrangler/system-environment-variables/
---

--- 2024-12-25T22:50:29.281Z debug
.env file not found at "/home/yvesd/Codebases/Yves-donato/yves-proj/.dev.vars". Continuing... For more details, refer to https://developers.cloudflare.com/workers/wrangler/system-environment-variables/
---

--- 2024-12-25T22:50:29.286Z debug
.env file not found at "/home/yvesd/Codebases/Yves-donato/yves-proj/.dev.vars". Continuing... For more details, refer to https://developers.cloudflare.com/workers/wrangler/system-environment-variables/
---

--- 2024-12-25T22:50:29.289Z debug
.env file not found at "/home/yvesd/Codebases/Yves-donato/yves-proj/.dev.vars". Continuing... For more details, refer to https://developers.cloudflare.com/workers/wrangler/system-environment-variables/
---

--- 2024-12-25T22:50:29.296Z debug
.env file not found at "/home/yvesd/Codebases/Yves-donato/yves-proj/.dev.vars". Continuing... For more details, refer to https://developers.cloudflare.com/workers/wrangler/system-environment-variables/
---

--- 2024-12-25T22:50:29.300Z debug
.env file not found at "/home/yvesd/Codebases/Yves-donato/yves-proj/.dev.vars". Continuing... For more details, refer to https://developers.cloudflare.com/workers/wrangler/system-environment-variables/
---

--- 2024-12-25T22:50:29.303Z debug
.env file not found at "/home/yvesd/Codebases/Yves-donato/yves-proj/.dev.vars". Continuing... For more details, refer to https://developers.cloudflare.com/workers/wrangler/system-environment-variables/
---

--- 2024-12-25T22:50:29.307Z debug
.env file not found at "/home/yvesd/Codebases/Yves-donato/yves-proj/.dev.vars". Continuing... For more details, refer to https://developers.cloudflare.com/workers/wrangler/system-environment-variables/
---

--- 2024-12-25T22:50:29.310Z debug
.env file not found at "/home/yvesd/Codebases/Yves-donato/yves-proj/.dev.vars". Continuing... For more details, refer to https://developers.cloudflare.com/workers/wrangler/system-environment-variables/
---

--- 2024-12-25T22:50:29.315Z debug
.env file not found at "/home/yvesd/Codebases/Yves-donato/yves-proj/.dev.vars". Continuing... For more details, refer to https://developers.cloudflare.com/workers/wrangler/system-environment-variables/
---

--- 2024-12-25T22:50:29.319Z debug
.env file not found at "/home/yvesd/Codebases/Yves-donato/yves-proj/.dev.vars". Continuing... For more details, refer to https://developers.cloudflare.com/workers/wrangler/system-environment-variables/
---

--- 2024-12-25T22:50:29.322Z debug
.env file not found at "/home/yvesd/Codebases/Yves-donato/yves-proj/.dev.vars". Continuing... For more details, refer to https://developers.cloudflare.com/workers/wrangler/system-environment-variables/
---

--- 2024-12-25T22:50:29.326Z debug
.env file not found at "/home/yvesd/Codebases/Yves-donato/yves-proj/.dev.vars". Continuing... For more details, refer to https://developers.cloudflare.com/workers/wrangler/system-environment-variables/
---

--- 2024-12-25T22:50:29.330Z debug
.env file not found at "/home/yvesd/Codebases/Yves-donato/yves-proj/.dev.vars". Continuing... For more details, refer to https://developers.cloudflare.com/workers/wrangler/system-environment-variables/
---

--- 2024-12-25T22:50:29.333Z debug
.env file not found at "/home/yvesd/Codebases/Yves-donato/yves-proj/.dev.vars". Continuing... For more details, refer to https://developers.cloudflare.com/workers/wrangler/system-environment-variables/
---

--- 2024-12-25T22:50:29.339Z debug
.env file not found at "/home/yvesd/Codebases/Yves-donato/yves-proj/.dev.vars". Continuing... For more details, refer to https://developers.cloudflare.com/workers/wrangler/system-environment-variables/
---

--- 2024-12-25T22:50:29.343Z debug
.env file not found at "/home/yvesd/Codebases/Yves-donato/yves-proj/.dev.vars". Continuing... For more details, refer to https://developers.cloudflare.com/workers/wrangler/system-environment-variables/
---

--- 2024-12-25T23:09:58.285Z debug
.env file not found at "/home/yvesd/Codebases/Yves-donato/yves-proj/.dev.vars". Continuing... For more details, refer to https://developers.cloudflare.com/workers/wrangler/system-environment-variables/
---

--- 2024-12-25T23:09:58.288Z debug
.env file not found at "/home/yvesd/Codebases/Yves-donato/yves-proj/.dev.vars". Continuing... For more details, refer to https://developers.cloudflare.com/workers/wrangler/system-environment-variables/
---

--- 2024-12-25T23:09:58.291Z debug
.env file not found at "/home/yvesd/Codebases/Yves-donato/yves-proj/.dev.vars". Continuing... For more details, refer to https://developers.cloudflare.com/workers/wrangler/system-environment-variables/
---

--- 2024-12-25T23:09:58.294Z debug
.env file not found at "/home/yvesd/Codebases/Yves-donato/yves-proj/.dev.vars". Continuing... For more details, refer to https://developers.cloudflare.com/workers/wrangler/system-environment-variables/
---

--- 2024-12-25T23:09:58.301Z debug
.env file not found at "/home/yvesd/Codebases/Yves-donato/yves-proj/.dev.vars". Continuing... For more details, refer to https://developers.cloudflare.com/workers/wrangler/system-environment-variables/
---

--- 2024-12-25T23:09:58.304Z debug
.env file not found at "/home/yvesd/Codebases/Yves-donato/yves-proj/.dev.vars". Continuing... For more details, refer to https://developers.cloudflare.com/workers/wrangler/system-environment-variables/
---

--- 2024-12-25T23:09:58.307Z debug
.env file not found at "/home/yvesd/Codebases/Yves-donato/yves-proj/.dev.vars". Continuing... For more details, refer to https://developers.cloudflare.com/workers/wrangler/system-environment-variables/
---

--- 2024-12-25T23:09:58.310Z debug
.env file not found at "/home/yvesd/Codebases/Yves-donato/yves-proj/.dev.vars". Continuing... For more details, refer to https://developers.cloudflare.com/workers/wrangler/system-environment-variables/
---

--- 2024-12-25T23:09:58.312Z debug
.env file not found at "/home/yvesd/Codebases/Yves-donato/yves-proj/.dev.vars". Continuing... For more details, refer to https://developers.cloudflare.com/workers/wrangler/system-environment-variables/
---

--- 2024-12-25T23:09:58.315Z debug
.env file not found at "/home/yvesd/Codebases/Yves-donato/yves-proj/.dev.vars". Continuing... For more details, refer to https://developers.cloudflare.com/workers/wrangler/system-environment-variables/
---

--- 2024-12-25T23:09:58.318Z debug
.env file not found at "/home/yvesd/Codebases/Yves-donato/yves-proj/.dev.vars". Continuing... For more details, refer to https://developers.cloudflare.com/workers/wrangler/system-environment-variables/
---

--- 2024-12-25T23:09:58.357Z debug
.env file not found at "/home/yvesd/Codebases/Yves-donato/yves-proj/.dev.vars". Continuing... For more details, refer to https://developers.cloudflare.com/workers/wrangler/system-environment-variables/
---

--- 2024-12-25T23:09:58.360Z debug
.env file not found at "/home/yvesd/Codebases/Yves-donato/yves-proj/.dev.vars". Continuing... For more details, refer to https://developers.cloudflare.com/workers/wrangler/system-environment-variables/
---

--- 2024-12-25T23:09:58.363Z debug
.env file not found at "/home/yvesd/Codebases/Yves-donato/yves-proj/.dev.vars". Continuing... For more details, refer to https://developers.cloudflare.com/workers/wrangler/system-environment-variables/
---

--- 2024-12-25T23:09:58.369Z debug
.env file not found at "/home/yvesd/Codebases/Yves-donato/yves-proj/.dev.vars". Continuing... For more details, refer to https://developers.cloudflare.com/workers/wrangler/system-environment-variables/
---

--- 2024-12-25T23:09:58.372Z debug
.env file not found at "/home/yvesd/Codebases/Yves-donato/yves-proj/.dev.vars". Continuing... For more details, refer to https://developers.cloudflare.com/workers/wrangler/system-environment-variables/
---

--- 2024-12-25T23:09:58.375Z debug
.env file not found at "/home/yvesd/Codebases/Yves-donato/yves-proj/.dev.vars". Continuing... For more details, refer to https://developers.cloudflare.com/workers/wrangler/system-environment-variables/
---

--- 2024-12-25T23:09:58.377Z debug
.env file not found at "/home/yvesd/Codebases/Yves-donato/yves-proj/.dev.vars". Continuing... For more details, refer to https://developers.cloudflare.com/workers/wrangler/system-environment-variables/
---

--- 2024-12-25T23:09:58.380Z debug
.env file not found at "/home/yvesd/Codebases/Yves-donato/yves-proj/.dev.vars". Continuing... For more details, refer to https://developers.cloudflare.com/workers/wrangler/system-environment-variables/
---

--- 2024-12-25T23:09:58.382Z debug
.env file not found at "/home/yvesd/Codebases/Yves-donato/yves-proj/.dev.vars". Continuing... For more details, refer to https://developers.cloudflare.com/workers/wrangler/system-environment-variables/
---

--- 2024-12-25T23:09:58.385Z debug
.env file not found at "/home/yvesd/Codebases/Yves-donato/yves-proj/.dev.vars". Continuing... For more details, refer to https://developers.cloudflare.com/workers/wrangler/system-environment-variables/
---

--- 2024-12-25T23:09:58.387Z debug
.env file not found at "/home/yvesd/Codebases/Yves-donato/yves-proj/.dev.vars". Continuing... For more details, refer to https://developers.cloudflare.com/workers/wrangler/system-environment-variables/
---

--- 2024-12-25T23:09:58.390Z debug
.env file not found at "/home/yvesd/Codebases/Yves-donato/yves-proj/.dev.vars". Continuing... For more details, refer to https://developers.cloudflare.com/workers/wrangler/system-environment-variables/
---

--- 2024-12-25T23:09:58.392Z debug
.env file not found at "/home/yvesd/Codebases/Yves-donato/yves-proj/.dev.vars". Continuing... For more details, refer to https://developers.cloudflare.com/workers/wrangler/system-environment-variables/
---

--- 2024-12-25T23:09:58.395Z debug
.env file not found at "/home/yvesd/Codebases/Yves-donato/yves-proj/.dev.vars". Continuing... For more details, refer to https://developers.cloudflare.com/workers/wrangler/system-environment-variables/
---

--- 2024-12-25T23:09:58.401Z debug
.env file not found at "/home/yvesd/Codebases/Yves-donato/yves-proj/.dev.vars". Continuing... For more details, refer to https://developers.cloudflare.com/workers/wrangler/system-environment-variables/
---

--- 2024-12-25T23:09:58.404Z debug
.env file not found at "/home/yvesd/Codebases/Yves-donato/yves-proj/.dev.vars". Continuing... For more details, refer to https://developers.cloudflare.com/workers/wrangler/system-environment-variables/
---

--- 2024-12-25T23:09:58.407Z debug
.env file not found at "/home/yvesd/Codebases/Yves-donato/yves-proj/.dev.vars". Continuing... For more details, refer to https://developers.cloudflare.com/workers/wrangler/system-environment-variables/
---

--- 2024-12-25T23:09:58.410Z debug
.env file not found at "/home/yvesd/Codebases/Yves-donato/yves-proj/.dev.vars". Continuing... For more details, refer to https://developers.cloudflare.com/workers/wrangler/system-environment-variables/
---

--- 2024-12-25T23:09:58.412Z debug
.env file not found at "/home/yvesd/Codebases/Yves-donato/yves-proj/.dev.vars". Continuing... For more details, refer to https://developers.cloudflare.com/workers/wrangler/system-environment-variables/
---

--- 2024-12-25T23:09:58.415Z debug
.env file not found at "/home/yvesd/Codebases/Yves-donato/yves-proj/.dev.vars". Continuing... For more details, refer to https://developers.cloudflare.com/workers/wrangler/system-environment-variables/
---

--- 2024-12-25T23:09:58.418Z debug
.env file not found at "/home/yvesd/Codebases/Yves-donato/yves-proj/.dev.vars". Continuing... For more details, refer to https://developers.cloudflare.com/workers/wrangler/system-environment-variables/
---

--- 2024-12-25T23:09:58.505Z debug
.env file not found at "/home/yvesd/Codebases/Yves-donato/yves-proj/.dev.vars". Continuing... For more details, refer to https://developers.cloudflare.com/workers/wrangler/system-environment-variables/
---

--- 2024-12-25T23:09:58.508Z debug
.env file not found at "/home/yvesd/Codebases/Yves-donato/yves-proj/.dev.vars". Continuing... For more details, refer to https://developers.cloudflare.com/workers/wrangler/system-environment-variables/
---

--- 2024-12-25T23:09:58.511Z debug
.env file not found at "/home/yvesd/Codebases/Yves-donato/yves-proj/.dev.vars". Continuing... For more details, refer to https://developers.cloudflare.com/workers/wrangler/system-environment-variables/
---

--- 2024-12-25T23:09:58.513Z debug
.env file not found at "/home/yvesd/Codebases/Yves-donato/yves-proj/.dev.vars". Continuing... For more details, refer to https://developers.cloudflare.com/workers/wrangler/system-environment-variables/
---

--- 2024-12-25T23:09:58.516Z debug
.env file not found at "/home/yvesd/Codebases/Yves-donato/yves-proj/.dev.vars". Continuing... For more details, refer to https://developers.cloudflare.com/workers/wrangler/system-environment-variables/
---

--- 2024-12-25T23:09:58.519Z debug
.env file not found at "/home/yvesd/Codebases/Yves-donato/yves-proj/.dev.vars". Continuing... For more details, refer to https://developers.cloudflare.com/workers/wrangler/system-environment-variables/
---

--- 2024-12-25T23:09:58.522Z debug
.env file not found at "/home/yvesd/Codebases/Yves-donato/yves-proj/.dev.vars". Continuing... For more details, refer to https://developers.cloudflare.com/workers/wrangler/system-environment-variables/
---

--- 2024-12-25T23:09:58.525Z debug
.env file not found at "/home/yvesd/Codebases/Yves-donato/yves-proj/.dev.vars". Continuing... For more details, refer to https://developers.cloudflare.com/workers/wrangler/system-environment-variables/
---

--- 2024-12-25T23:09:58.528Z debug
.env file not found at "/home/yvesd/Codebases/Yves-donato/yves-proj/.dev.vars". Continuing... For more details, refer to https://developers.cloudflare.com/workers/wrangler/system-environment-variables/
---

--- 2024-12-25T23:09:58.534Z debug
.env file not found at "/home/yvesd/Codebases/Yves-donato/yves-proj/.dev.vars". Continuing... For more details, refer to https://developers.cloudflare.com/workers/wrangler/system-environment-variables/
---

--- 2024-12-25T23:09:58.537Z debug
.env file not found at "/home/yvesd/Codebases/Yves-donato/yves-proj/.dev.vars". Continuing... For more details, refer to https://developers.cloudflare.com/workers/wrangler/system-environment-variables/
---

--- 2024-12-25T23:09:58.540Z debug
.env file not found at "/home/yvesd/Codebases/Yves-donato/yves-proj/.dev.vars". Continuing... For more details, refer to https://developers.cloudflare.com/workers/wrangler/system-environment-variables/
---

--- 2024-12-25T23:09:58.542Z debug
.env file not found at "/home/yvesd/Codebases/Yves-donato/yves-proj/.dev.vars". Continuing... For more details, refer to https://developers.cloudflare.com/workers/wrangler/system-environment-variables/
---

--- 2024-12-25T23:09:58.545Z debug
.env file not found at "/home/yvesd/Codebases/Yves-donato/yves-proj/.dev.vars". Continuing... For more details, refer to https://developers.cloudflare.com/workers/wrangler/system-environment-variables/
---

--- 2024-12-25T23:09:58.548Z debug
.env file not found at "/home/yvesd/Codebases/Yves-donato/yves-proj/.dev.vars". Continuing... For more details, refer to https://developers.cloudflare.com/workers/wrangler/system-environment-variables/
---

--- 2024-12-25T23:09:58.550Z debug
.env file not found at "/home/yvesd/Codebases/Yves-donato/yves-proj/.dev.vars". Continuing... For more details, refer to https://developers.cloudflare.com/workers/wrangler/system-environment-variables/
---

--- 2024-12-25T23:09:58.553Z debug
.env file not found at "/home/yvesd/Codebases/Yves-donato/yves-proj/.dev.vars". Continuing... For more details, refer to https://developers.cloudflare.com/workers/wrangler/system-environment-variables/
---

--- 2024-12-25T23:09:58.555Z debug
.env file not found at "/home/yvesd/Codebases/Yves-donato/yves-proj/.dev.vars". Continuing... For more details, refer to https://developers.cloudflare.com/workers/wrangler/system-environment-variables/
---

--- 2024-12-25T23:09:58.558Z debug
.env file not found at "/home/yvesd/Codebases/Yves-donato/yves-proj/.dev.vars". Continuing... For more details, refer to https://developers.cloudflare.com/workers/wrangler/system-environment-variables/
---

--- 2024-12-25T23:09:58.561Z debug
.env file not found at "/home/yvesd/Codebases/Yves-donato/yves-proj/.dev.vars". Continuing... For more details, refer to https://developers.cloudflare.com/workers/wrangler/system-environment-variables/
---

--- 2024-12-25T23:09:58.564Z debug
.env file not found at "/home/yvesd/Codebases/Yves-donato/yves-proj/.dev.vars". Continuing... For more details, refer to https://developers.cloudflare.com/workers/wrangler/system-environment-variables/
---

--- 2024-12-25T23:09:58.570Z debug
.env file not found at "/home/yvesd/Codebases/Yves-donato/yves-proj/.dev.vars". Continuing... For more details, refer to https://developers.cloudflare.com/workers/wrangler/system-environment-variables/
---

--- 2024-12-25T23:09:58.572Z debug
.env file not found at "/home/yvesd/Codebases/Yves-donato/yves-proj/.dev.vars". Continuing... For more details, refer to https://developers.cloudflare.com/workers/wrangler/system-environment-variables/
---

--- 2024-12-25T23:09:58.576Z debug
.env file not found at "/home/yvesd/Codebases/Yves-donato/yves-proj/.dev.vars". Continuing... For more details, refer to https://developers.cloudflare.com/workers/wrangler/system-environment-variables/
---

--- 2024-12-25T23:09:58.580Z debug
.env file not found at "/home/yvesd/Codebases/Yves-donato/yves-proj/.dev.vars". Continuing... For more details, refer to https://developers.cloudflare.com/workers/wrangler/system-environment-variables/
---

--- 2024-12-25T23:09:58.583Z debug
.env file not found at "/home/yvesd/Codebases/Yves-donato/yves-proj/.dev.vars". Continuing... For more details, refer to https://developers.cloudflare.com/workers/wrangler/system-environment-variables/
---

--- 2024-12-25T23:09:58.585Z debug
.env file not found at "/home/yvesd/Codebases/Yves-donato/yves-proj/.dev.vars". Continuing... For more details, refer to https://developers.cloudflare.com/workers/wrangler/system-environment-variables/
---

--- 2024-12-25T23:09:58.588Z debug
.env file not found at "/home/yvesd/Codebases/Yves-donato/yves-proj/.dev.vars". Continuing... For more details, refer to https://developers.cloudflare.com/workers/wrangler/system-environment-variables/
---

--- 2024-12-25T23:09:58.590Z debug
.env file not found at "/home/yvesd/Codebases/Yves-donato/yves-proj/.dev.vars". Continuing... For more details, refer to https://developers.cloudflare.com/workers/wrangler/system-environment-variables/
---

--- 2024-12-25T23:09:58.593Z debug
.env file not found at "/home/yvesd/Codebases/Yves-donato/yves-proj/.dev.vars". Continuing... For more details, refer to https://developers.cloudflare.com/workers/wrangler/system-environment-variables/
---

--- 2024-12-25T23:09:58.596Z debug
.env file not found at "/home/yvesd/Codebases/Yves-donato/yves-proj/.dev.vars". Continuing... For more details, refer to https://developers.cloudflare.com/workers/wrangler/system-environment-variables/
---

--- 2024-12-25T23:09:58.598Z debug
.env file not found at "/home/yvesd/Codebases/Yves-donato/yves-proj/.dev.vars". Continuing... For more details, refer to https://developers.cloudflare.com/workers/wrangler/system-environment-variables/
---

--- 2024-12-25T23:09:58.604Z debug
.env file not found at "/home/yvesd/Codebases/Yves-donato/yves-proj/.dev.vars". Continuing... For more details, refer to https://developers.cloudflare.com/workers/wrangler/system-environment-variables/
---

--- 2024-12-25T23:09:58.607Z debug
.env file not found at "/home/yvesd/Codebases/Yves-donato/yves-proj/.dev.vars". Continuing... For more details, refer to https://developers.cloudflare.com/workers/wrangler/system-environment-variables/
---

--- 2024-12-25T23:09:58.609Z debug
.env file not found at "/home/yvesd/Codebases/Yves-donato/yves-proj/.dev.vars". Continuing... For more details, refer to https://developers.cloudflare.com/workers/wrangler/system-environment-variables/
---

--- 2024-12-25T23:09:58.612Z debug
.env file not found at "/home/yvesd/Codebases/Yves-donato/yves-proj/.dev.vars". Continuing... For more details, refer to https://developers.cloudflare.com/workers/wrangler/system-environment-variables/
---

--- 2024-12-25T23:09:58.614Z debug
.env file not found at "/home/yvesd/Codebases/Yves-donato/yves-proj/.dev.vars". Continuing... For more details, refer to https://developers.cloudflare.com/workers/wrangler/system-environment-variables/
---

--- 2024-12-25T23:09:58.617Z debug
.env file not found at "/home/yvesd/Codebases/Yves-donato/yves-proj/.dev.vars". Continuing... For more details, refer to https://developers.cloudflare.com/workers/wrangler/system-environment-variables/
---

--- 2024-12-25T23:09:58.619Z debug
.env file not found at "/home/yvesd/Codebases/Yves-donato/yves-proj/.dev.vars". Continuing... For more details, refer to https://developers.cloudflare.com/workers/wrangler/system-environment-variables/
---

--- 2024-12-25T23:09:58.622Z debug
.env file not found at "/home/yvesd/Codebases/Yves-donato/yves-proj/.dev.vars". Continuing... For more details, refer to https://developers.cloudflare.com/workers/wrangler/system-environment-variables/
---

--- 2024-12-25T23:09:58.625Z debug
.env file not found at "/home/yvesd/Codebases/Yves-donato/yves-proj/.dev.vars". Continuing... For more details, refer to https://developers.cloudflare.com/workers/wrangler/system-environment-variables/
---

--- 2024-12-25T23:09:58.627Z debug
.env file not found at "/home/yvesd/Codebases/Yves-donato/yves-proj/.dev.vars". Continuing... For more details, refer to https://developers.cloudflare.com/workers/wrangler/system-environment-variables/
---

--- 2024-12-25T23:09:58.631Z debug
.env file not found at "/home/yvesd/Codebases/Yves-donato/yves-proj/.dev.vars". Continuing... For more details, refer to https://developers.cloudflare.com/workers/wrangler/system-environment-variables/
---

--- 2024-12-25T23:09:58.635Z debug
.env file not found at "/home/yvesd/Codebases/Yves-donato/yves-proj/.dev.vars". Continuing... For more details, refer to https://developers.cloudflare.com/workers/wrangler/system-environment-variables/
---

--- 2024-12-25T23:09:58.641Z debug
.env file not found at "/home/yvesd/Codebases/Yves-donato/yves-proj/.dev.vars". Continuing... For more details, refer to https://developers.cloudflare.com/workers/wrangler/system-environment-variables/
---

--- 2024-12-25T23:09:58.644Z debug
.env file not found at "/home/yvesd/Codebases/Yves-donato/yves-proj/.dev.vars". Continuing... For more details, refer to https://developers.cloudflare.com/workers/wrangler/system-environment-variables/
---

--- 2024-12-25T23:09:58.646Z debug
.env file not found at "/home/yvesd/Codebases/Yves-donato/yves-proj/.dev.vars". Continuing... For more details, refer to https://developers.cloudflare.com/workers/wrangler/system-environment-variables/
---

--- 2024-12-25T23:09:58.649Z debug
.env file not found at "/home/yvesd/Codebases/Yves-donato/yves-proj/.dev.vars". Continuing... For more details, refer to https://developers.cloudflare.com/workers/wrangler/system-environment-variables/
---

--- 2024-12-25T23:09:58.651Z debug
.env file not found at "/home/yvesd/Codebases/Yves-donato/yves-proj/.dev.vars". Continuing... For more details, refer to https://developers.cloudflare.com/workers/wrangler/system-environment-variables/
---

--- 2024-12-25T23:09:58.654Z debug
.env file not found at "/home/yvesd/Codebases/Yves-donato/yves-proj/.dev.vars". Continuing... For more details, refer to https://developers.cloudflare.com/workers/wrangler/system-environment-variables/
---

--- 2024-12-25T23:09:58.657Z debug
.env file not found at "/home/yvesd/Codebases/Yves-donato/yves-proj/.dev.vars". Continuing... For more details, refer to https://developers.cloudflare.com/workers/wrangler/system-environment-variables/
---

--- 2024-12-25T23:09:58.659Z debug
.env file not found at "/home/yvesd/Codebases/Yves-donato/yves-proj/.dev.vars". Continuing... For more details, refer to https://developers.cloudflare.com/workers/wrangler/system-environment-variables/
---

--- 2024-12-25T23:09:58.662Z debug
.env file not found at "/home/yvesd/Codebases/Yves-donato/yves-proj/.dev.vars". Continuing... For more details, refer to https://developers.cloudflare.com/workers/wrangler/system-environment-variables/
---

--- 2024-12-25T23:09:58.736Z debug
.env file not found at "/home/yvesd/Codebases/Yves-donato/yves-proj/.dev.vars". Continuing... For more details, refer to https://developers.cloudflare.com/workers/wrangler/system-environment-variables/
---

--- 2024-12-25T23:09:58.738Z debug
.env file not found at "/home/yvesd/Codebases/Yves-donato/yves-proj/.dev.vars". Continuing... For more details, refer to https://developers.cloudflare.com/workers/wrangler/system-environment-variables/
---

--- 2024-12-25T23:09:58.741Z debug
.env file not found at "/home/yvesd/Codebases/Yves-donato/yves-proj/.dev.vars". Continuing... For more details, refer to https://developers.cloudflare.com/workers/wrangler/system-environment-variables/
---

--- 2024-12-25T23:09:58.744Z debug
.env file not found at "/home/yvesd/Codebases/Yves-donato/yves-proj/.dev.vars". Continuing... For more details, refer to https://developers.cloudflare.com/workers/wrangler/system-environment-variables/
---

--- 2024-12-25T23:09:58.747Z debug
.env file not found at "/home/yvesd/Codebases/Yves-donato/yves-proj/.dev.vars". Continuing... For more details, refer to https://developers.cloudflare.com/workers/wrangler/system-environment-variables/
---

--- 2024-12-25T23:09:58.749Z debug
.env file not found at "/home/yvesd/Codebases/Yves-donato/yves-proj/.dev.vars". Continuing... For more details, refer to https://developers.cloudflare.com/workers/wrangler/system-environment-variables/
---

--- 2024-12-25T23:09:58.752Z debug
.env file not found at "/home/yvesd/Codebases/Yves-donato/yves-proj/.dev.vars". Continuing... For more details, refer to https://developers.cloudflare.com/workers/wrangler/system-environment-variables/
---

--- 2024-12-25T23:09:58.754Z debug
.env file not found at "/home/yvesd/Codebases/Yves-donato/yves-proj/.dev.vars". Continuing... For more details, refer to https://developers.cloudflare.com/workers/wrangler/system-environment-variables/
---

--- 2024-12-25T23:09:58.757Z debug
.env file not found at "/home/yvesd/Codebases/Yves-donato/yves-proj/.dev.vars". Continuing... For more details, refer to https://developers.cloudflare.com/workers/wrangler/system-environment-variables/
---

--- 2024-12-25T23:09:58.759Z debug
.env file not found at "/home/yvesd/Codebases/Yves-donato/yves-proj/.dev.vars". Continuing... For more details, refer to https://developers.cloudflare.com/workers/wrangler/system-environment-variables/
---

--- 2024-12-25T23:09:58.765Z debug
.env file not found at "/home/yvesd/Codebases/Yves-donato/yves-proj/.dev.vars". Continuing... For more details, refer to https://developers.cloudflare.com/workers/wrangler/system-environment-variables/
---

--- 2024-12-25T23:09:58.768Z debug
.env file not found at "/home/yvesd/Codebases/Yves-donato/yves-proj/.dev.vars". Continuing... For more details, refer to https://developers.cloudflare.com/workers/wrangler/system-environment-variables/
---

--- 2024-12-25T23:09:58.771Z debug
.env file not found at "/home/yvesd/Codebases/Yves-donato/yves-proj/.dev.vars". Continuing... For more details, refer to https://developers.cloudflare.com/workers/wrangler/system-environment-variables/
---

--- 2024-12-25T23:09:58.773Z debug
.env file not found at "/home/yvesd/Codebases/Yves-donato/yves-proj/.dev.vars". Continuing... For more details, refer to https://developers.cloudflare.com/workers/wrangler/system-environment-variables/
---

--- 2024-12-25T23:09:58.776Z debug
.env file not found at "/home/yvesd/Codebases/Yves-donato/yves-proj/.dev.vars". Continuing... For more details, refer to https://developers.cloudflare.com/workers/wrangler/system-environment-variables/
---

--- 2024-12-25T23:09:58.778Z debug
.env file not found at "/home/yvesd/Codebases/Yves-donato/yves-proj/.dev.vars". Continuing... For more details, refer to https://developers.cloudflare.com/workers/wrangler/system-environment-variables/
---

--- 2024-12-25T23:09:58.781Z debug
.env file not found at "/home/yvesd/Codebases/Yves-donato/yves-proj/.dev.vars". Continuing... For more details, refer to https://developers.cloudflare.com/workers/wrangler/system-environment-variables/
---

--- 2024-12-25T23:09:58.784Z debug
.env file not found at "/home/yvesd/Codebases/Yves-donato/yves-proj/.dev.vars". Continuing... For more details, refer to https://developers.cloudflare.com/workers/wrangler/system-environment-variables/
---

--- 2024-12-25T23:09:58.786Z debug
.env file not found at "/home/yvesd/Codebases/Yves-donato/yves-proj/.dev.vars". Continuing... For more details, refer to https://developers.cloudflare.com/workers/wrangler/system-environment-variables/
---

--- 2024-12-25T23:09:58.789Z debug
.env file not found at "/home/yvesd/Codebases/Yves-donato/yves-proj/.dev.vars". Continuing... For more details, refer to https://developers.cloudflare.com/workers/wrangler/system-environment-variables/
---

--- 2024-12-25T23:09:58.791Z debug
.env file not found at "/home/yvesd/Codebases/Yves-donato/yves-proj/.dev.vars". Continuing... For more details, refer to https://developers.cloudflare.com/workers/wrangler/system-environment-variables/
---

--- 2024-12-25T23:09:58.794Z debug
.env file not found at "/home/yvesd/Codebases/Yves-donato/yves-proj/.dev.vars". Continuing... For more details, refer to https://developers.cloudflare.com/workers/wrangler/system-environment-variables/
---

--- 2024-12-25T23:09:58.802Z debug
.env file not found at "/home/yvesd/Codebases/Yves-donato/yves-proj/.dev.vars". Continuing... For more details, refer to https://developers.cloudflare.com/workers/wrangler/system-environment-variables/
---

--- 2024-12-25T23:09:58.805Z debug
.env file not found at "/home/yvesd/Codebases/Yves-donato/yves-proj/.dev.vars". Continuing... For more details, refer to https://developers.cloudflare.com/workers/wrangler/system-environment-variables/
---

--- 2024-12-25T23:09:58.808Z debug
.env file not found at "/home/yvesd/Codebases/Yves-donato/yves-proj/.dev.vars". Continuing... For more details, refer to https://developers.cloudflare.com/workers/wrangler/system-environment-variables/
---

--- 2024-12-25T23:09:58.810Z debug
.env file not found at "/home/yvesd/Codebases/Yves-donato/yves-proj/.dev.vars". Continuing... For more details, refer to https://developers.cloudflare.com/workers/wrangler/system-environment-variables/
---

--- 2024-12-25T23:09:58.813Z debug
.env file not found at "/home/yvesd/Codebases/Yves-donato/yves-proj/.dev.vars". Continuing... For more details, refer to https://developers.cloudflare.com/workers/wrangler/system-environment-variables/
---

--- 2024-12-25T23:09:58.815Z debug
.env file not found at "/home/yvesd/Codebases/Yves-donato/yves-proj/.dev.vars". Continuing... For more details, refer to https://developers.cloudflare.com/workers/wrangler/system-environment-variables/
---

--- 2024-12-25T23:09:58.818Z debug
.env file not found at "/home/yvesd/Codebases/Yves-donato/yves-proj/.dev.vars". Continuing... For more details, refer to https://developers.cloudflare.com/workers/wrangler/system-environment-variables/
---

--- 2024-12-25T23:09:58.821Z debug
.env file not found at "/home/yvesd/Codebases/Yves-donato/yves-proj/.dev.vars". Continuing... For more details, refer to https://developers.cloudflare.com/workers/wrangler/system-environment-variables/
---

--- 2024-12-25T23:09:58.823Z debug
.env file not found at "/home/yvesd/Codebases/Yves-donato/yves-proj/.dev.vars". Continuing... For more details, refer to https://developers.cloudflare.com/workers/wrangler/system-environment-variables/
---

--- 2024-12-25T23:09:58.826Z debug
.env file not found at "/home/yvesd/Codebases/Yves-donato/yves-proj/.dev.vars". Continuing... For more details, refer to https://developers.cloudflare.com/workers/wrangler/system-environment-variables/
---

--- 2024-12-25T23:09:58.828Z debug
.env file not found at "/home/yvesd/Codebases/Yves-donato/yves-proj/.dev.vars". Continuing... For more details, refer to https://developers.cloudflare.com/workers/wrangler/system-environment-variables/
---

--- 2024-12-25T23:09:58.834Z debug
.env file not found at "/home/yvesd/Codebases/Yves-donato/yves-proj/.dev.vars". Continuing... For more details, refer to https://developers.cloudflare.com/workers/wrangler/system-environment-variables/
---

--- 2024-12-25T23:09:58.837Z debug
.env file not found at "/home/yvesd/Codebases/Yves-donato/yves-proj/.dev.vars". Continuing... For more details, refer to https://developers.cloudflare.com/workers/wrangler/system-environment-variables/
---

--- 2024-12-25T23:09:58.840Z debug
.env file not found at "/home/yvesd/Codebases/Yves-donato/yves-proj/.dev.vars". Continuing... For more details, refer to https://developers.cloudflare.com/workers/wrangler/system-environment-variables/
---

--- 2024-12-25T23:09:58.842Z debug
.env file not found at "/home/yvesd/Codebases/Yves-donato/yves-proj/.dev.vars". Continuing... For more details, refer to https://developers.cloudflare.com/workers/wrangler/system-environment-variables/
---

--- 2024-12-25T23:09:58.845Z debug
.env file not found at "/home/yvesd/Codebases/Yves-donato/yves-proj/.dev.vars". Continuing... For more details, refer to https://developers.cloudflare.com/workers/wrangler/system-environment-variables/
---

--- 2024-12-25T23:09:58.848Z debug
.env file not found at "/home/yvesd/Codebases/Yves-donato/yves-proj/.dev.vars". Continuing... For more details, refer to https://developers.cloudflare.com/workers/wrangler/system-environment-variables/
---

--- 2024-12-25T23:09:58.850Z debug
.env file not found at "/home/yvesd/Codebases/Yves-donato/yves-proj/.dev.vars". Continuing... For more details, refer to https://developers.cloudflare.com/workers/wrangler/system-environment-variables/
---

--- 2024-12-25T23:09:58.854Z debug
.env file not found at "/home/yvesd/Codebases/Yves-donato/yves-proj/.dev.vars". Continuing... For more details, refer to https://developers.cloudflare.com/workers/wrangler/system-environment-variables/
---

--- 2024-12-25T23:09:58.857Z debug
.env file not found at "/home/yvesd/Codebases/Yves-donato/yves-proj/.dev.vars". Continuing... For more details, refer to https://developers.cloudflare.com/workers/wrangler/system-environment-variables/
---

--- 2024-12-25T23:09:58.860Z debug
.env file not found at "/home/yvesd/Codebases/Yves-donato/yves-proj/.dev.vars". Continuing... For more details, refer to https://developers.cloudflare.com/workers/wrangler/system-environment-variables/
---

--- 2024-12-25T23:09:58.863Z debug
.env file not found at "/home/yvesd/Codebases/Yves-donato/yves-proj/.dev.vars". Continuing... For more details, refer to https://developers.cloudflare.com/workers/wrangler/system-environment-variables/
---

--- 2024-12-25T23:09:58.936Z debug
.env file not found at "/home/yvesd/Codebases/Yves-donato/yves-proj/.dev.vars". Continuing... For more details, refer to https://developers.cloudflare.com/workers/wrangler/system-environment-variables/
---

--- 2024-12-25T23:09:58.938Z debug
.env file not found at "/home/yvesd/Codebases/Yves-donato/yves-proj/.dev.vars". Continuing... For more details, refer to https://developers.cloudflare.com/workers/wrangler/system-environment-variables/
---

--- 2024-12-25T23:09:58.941Z debug
.env file not found at "/home/yvesd/Codebases/Yves-donato/yves-proj/.dev.vars". Continuing... For more details, refer to https://developers.cloudflare.com/workers/wrangler/system-environment-variables/
---

--- 2024-12-25T23:09:58.943Z debug
.env file not found at "/home/yvesd/Codebases/Yves-donato/yves-proj/.dev.vars". Continuing... For more details, refer to https://developers.cloudflare.com/workers/wrangler/system-environment-variables/
---

--- 2024-12-25T23:09:58.946Z debug
.env file not found at "/home/yvesd/Codebases/Yves-donato/yves-proj/.dev.vars". Continuing... For more details, refer to https://developers.cloudflare.com/workers/wrangler/system-environment-variables/
---

--- 2024-12-25T23:09:58.948Z debug
.env file not found at "/home/yvesd/Codebases/Yves-donato/yves-proj/.dev.vars". Continuing... For more details, refer to https://developers.cloudflare.com/workers/wrangler/system-environment-variables/
---

--- 2024-12-25T23:09:58.950Z debug
.env file not found at "/home/yvesd/Codebases/Yves-donato/yves-proj/.dev.vars". Continuing... For more details, refer to https://developers.cloudflare.com/workers/wrangler/system-environment-variables/
---

--- 2024-12-25T23:09:58.953Z debug
.env file not found at "/home/yvesd/Codebases/Yves-donato/yves-proj/.dev.vars". Continuing... For more details, refer to https://developers.cloudflare.com/workers/wrangler/system-environment-variables/
---

--- 2024-12-25T23:09:58.955Z debug
.env file not found at "/home/yvesd/Codebases/Yves-donato/yves-proj/.dev.vars". Continuing... For more details, refer to https://developers.cloudflare.com/workers/wrangler/system-environment-variables/
---

--- 2024-12-25T23:09:58.958Z debug
.env file not found at "/home/yvesd/Codebases/Yves-donato/yves-proj/.dev.vars". Continuing... For more details, refer to https://developers.cloudflare.com/workers/wrangler/system-environment-variables/
---

--- 2024-12-25T23:09:58.965Z debug
.env file not found at "/home/yvesd/Codebases/Yves-donato/yves-proj/.dev.vars". Continuing... For more details, refer to https://developers.cloudflare.com/workers/wrangler/system-environment-variables/
---

--- 2024-12-25T23:09:58.969Z debug
.env file not found at "/home/yvesd/Codebases/Yves-donato/yves-proj/.dev.vars". Continuing... For more details, refer to https://developers.cloudflare.com/workers/wrangler/system-environment-variables/
---

--- 2024-12-25T23:09:58.972Z debug
.env file not found at "/home/yvesd/Codebases/Yves-donato/yves-proj/.dev.vars". Continuing... For more details, refer to https://developers.cloudflare.com/workers/wrangler/system-environment-variables/
---

--- 2024-12-25T23:09:58.974Z debug
.env file not found at "/home/yvesd/Codebases/Yves-donato/yves-proj/.dev.vars". Continuing... For more details, refer to https://developers.cloudflare.com/workers/wrangler/system-environment-variables/
---

--- 2024-12-25T23:09:58.977Z debug
.env file not found at "/home/yvesd/Codebases/Yves-donato/yves-proj/.dev.vars". Continuing... For more details, refer to https://developers.cloudflare.com/workers/wrangler/system-environment-variables/
---

--- 2024-12-25T23:09:58.979Z debug
.env file not found at "/home/yvesd/Codebases/Yves-donato/yves-proj/.dev.vars". Continuing... For more details, refer to https://developers.cloudflare.com/workers/wrangler/system-environment-variables/
---

--- 2024-12-25T23:09:58.982Z debug
.env file not found at "/home/yvesd/Codebases/Yves-donato/yves-proj/.dev.vars". Continuing... For more details, refer to https://developers.cloudflare.com/workers/wrangler/system-environment-variables/
---

--- 2024-12-25T23:09:58.984Z debug
.env file not found at "/home/yvesd/Codebases/Yves-donato/yves-proj/.dev.vars". Continuing... For more details, refer to https://developers.cloudflare.com/workers/wrangler/system-environment-variables/
---

--- 2024-12-25T23:09:58.987Z debug
.env file not found at "/home/yvesd/Codebases/Yves-donato/yves-proj/.dev.vars". Continuing... For more details, refer to https://developers.cloudflare.com/workers/wrangler/system-environment-variables/
---

--- 2024-12-25T23:09:58.990Z debug
.env file not found at "/home/yvesd/Codebases/Yves-donato/yves-proj/.dev.vars". Continuing... For more details, refer to https://developers.cloudflare.com/workers/wrangler/system-environment-variables/
---

--- 2024-12-25T23:09:58.992Z debug
.env file not found at "/home/yvesd/Codebases/Yves-donato/yves-proj/.dev.vars". Continuing... For more details, refer to https://developers.cloudflare.com/workers/wrangler/system-environment-variables/
---

--- 2024-12-25T23:09:58.995Z debug
.env file not found at "/home/yvesd/Codebases/Yves-donato/yves-proj/.dev.vars". Continuing... For more details, refer to https://developers.cloudflare.com/workers/wrangler/system-environment-variables/
---

--- 2024-12-25T23:09:59.001Z debug
.env file not found at "/home/yvesd/Codebases/Yves-donato/yves-proj/.dev.vars". Continuing... For more details, refer to https://developers.cloudflare.com/workers/wrangler/system-environment-variables/
---

--- 2024-12-25T23:09:59.003Z debug
.env file not found at "/home/yvesd/Codebases/Yves-donato/yves-proj/.dev.vars". Continuing... For more details, refer to https://developers.cloudflare.com/workers/wrangler/system-environment-variables/
---

--- 2024-12-25T23:09:59.006Z debug
.env file not found at "/home/yvesd/Codebases/Yves-donato/yves-proj/.dev.vars". Continuing... For more details, refer to https://developers.cloudflare.com/workers/wrangler/system-environment-variables/
---

--- 2024-12-25T23:09:59.008Z debug
.env file not found at "/home/yvesd/Codebases/Yves-donato/yves-proj/.dev.vars". Continuing... For more details, refer to https://developers.cloudflare.com/workers/wrangler/system-environment-variables/
---

--- 2024-12-25T23:09:59.011Z debug
.env file not found at "/home/yvesd/Codebases/Yves-donato/yves-proj/.dev.vars". Continuing... For more details, refer to https://developers.cloudflare.com/workers/wrangler/system-environment-variables/
---

--- 2024-12-25T23:09:59.013Z debug
.env file not found at "/home/yvesd/Codebases/Yves-donato/yves-proj/.dev.vars". Continuing... For more details, refer to https://developers.cloudflare.com/workers/wrangler/system-environment-variables/
---

--- 2024-12-25T23:09:59.016Z debug
.env file not found at "/home/yvesd/Codebases/Yves-donato/yves-proj/.dev.vars". Continuing... For more details, refer to https://developers.cloudflare.com/workers/wrangler/system-environment-variables/
---

--- 2024-12-25T23:09:59.019Z debug
.env file not found at "/home/yvesd/Codebases/Yves-donato/yves-proj/.dev.vars". Continuing... For more details, refer to https://developers.cloudflare.com/workers/wrangler/system-environment-variables/
---

--- 2024-12-25T23:09:59.022Z debug
.env file not found at "/home/yvesd/Codebases/Yves-donato/yves-proj/.dev.vars". Continuing... For more details, refer to https://developers.cloudflare.com/workers/wrangler/system-environment-variables/
---

--- 2024-12-25T23:09:59.025Z debug
.env file not found at "/home/yvesd/Codebases/Yves-donato/yves-proj/.dev.vars". Continuing... For more details, refer to https://developers.cloudflare.com/workers/wrangler/system-environment-variables/
---

--- 2024-12-25T23:09:59.028Z debug
.env file not found at "/home/yvesd/Codebases/Yves-donato/yves-proj/.dev.vars". Continuing... For more details, refer to https://developers.cloudflare.com/workers/wrangler/system-environment-variables/
---

--- 2024-12-25T23:09:59.034Z debug
.env file not found at "/home/yvesd/Codebases/Yves-donato/yves-proj/.dev.vars". Continuing... For more details, refer to https://developers.cloudflare.com/workers/wrangler/system-environment-variables/
---

--- 2024-12-25T23:09:59.036Z debug
.env file not found at "/home/yvesd/Codebases/Yves-donato/yves-proj/.dev.vars". Continuing... For more details, refer to https://developers.cloudflare.com/workers/wrangler/system-environment-variables/
---

--- 2024-12-25T23:09:59.039Z debug
.env file not found at "/home/yvesd/Codebases/Yves-donato/yves-proj/.dev.vars". Continuing... For more details, refer to https://developers.cloudflare.com/workers/wrangler/system-environment-variables/
---

--- 2024-12-25T23:09:59.041Z debug
.env file not found at "/home/yvesd/Codebases/Yves-donato/yves-proj/.dev.vars". Continuing... For more details, refer to https://developers.cloudflare.com/workers/wrangler/system-environment-variables/
---

--- 2024-12-25T23:09:59.044Z debug
.env file not found at "/home/yvesd/Codebases/Yves-donato/yves-proj/.dev.vars". Continuing... For more details, refer to https://developers.cloudflare.com/workers/wrangler/system-environment-variables/
---

--- 2024-12-25T23:09:59.046Z debug
.env file not found at "/home/yvesd/Codebases/Yves-donato/yves-proj/.dev.vars". Continuing... For more details, refer to https://developers.cloudflare.com/workers/wrangler/system-environment-variables/
---

--- 2024-12-25T23:09:59.049Z debug
.env file not found at "/home/yvesd/Codebases/Yves-donato/yves-proj/.dev.vars". Continuing... For more details, refer to https://developers.cloudflare.com/workers/wrangler/system-environment-variables/
---

--- 2024-12-25T23:09:59.051Z debug
.env file not found at "/home/yvesd/Codebases/Yves-donato/yves-proj/.dev.vars". Continuing... For more details, refer to https://developers.cloudflare.com/workers/wrangler/system-environment-variables/
---

--- 2024-12-25T23:09:59.054Z debug
.env file not found at "/home/yvesd/Codebases/Yves-donato/yves-proj/.dev.vars". Continuing... For more details, refer to https://developers.cloudflare.com/workers/wrangler/system-environment-variables/
---

--- 2024-12-25T23:09:59.056Z debug
.env file not found at "/home/yvesd/Codebases/Yves-donato/yves-proj/.dev.vars". Continuing... For more details, refer to https://developers.cloudflare.com/workers/wrangler/system-environment-variables/
---

--- 2024-12-25T23:09:59.059Z debug
.env file not found at "/home/yvesd/Codebases/Yves-donato/yves-proj/.dev.vars". Continuing... For more details, refer to https://developers.cloudflare.com/workers/wrangler/system-environment-variables/
---

--- 2024-12-25T23:09:59.111Z debug
.env file not found at "/home/yvesd/Codebases/Yves-donato/yves-proj/.dev.vars". Continuing... For more details, refer to https://developers.cloudflare.com/workers/wrangler/system-environment-variables/
---

--- 2024-12-25T23:09:59.114Z debug
.env file not found at "/home/yvesd/Codebases/Yves-donato/yves-proj/.dev.vars". Continuing... For more details, refer to https://developers.cloudflare.com/workers/wrangler/system-environment-variables/
---

--- 2024-12-25T23:09:59.117Z debug
.env file not found at "/home/yvesd/Codebases/Yves-donato/yves-proj/.dev.vars". Continuing... For more details, refer to https://developers.cloudflare.com/workers/wrangler/system-environment-variables/
---

--- 2024-12-25T23:09:59.119Z debug
.env file not found at "/home/yvesd/Codebases/Yves-donato/yves-proj/.dev.vars". Continuing... For more details, refer to https://developers.cloudflare.com/workers/wrangler/system-environment-variables/
---

--- 2024-12-25T23:09:59.122Z debug
.env file not found at "/home/yvesd/Codebases/Yves-donato/yves-proj/.dev.vars". Continuing... For more details, refer to https://developers.cloudflare.com/workers/wrangler/system-environment-variables/
---

--- 2024-12-25T23:09:59.124Z debug
.env file not found at "/home/yvesd/Codebases/Yves-donato/yves-proj/.dev.vars". Continuing... For more details, refer to https://developers.cloudflare.com/workers/wrangler/system-environment-variables/
---

--- 2024-12-25T23:09:59.127Z debug
.env file not found at "/home/yvesd/Codebases/Yves-donato/yves-proj/.dev.vars". Continuing... For more details, refer to https://developers.cloudflare.com/workers/wrangler/system-environment-variables/
---

--- 2024-12-25T23:09:59.134Z debug
.env file not found at "/home/yvesd/Codebases/Yves-donato/yves-proj/.dev.vars". Continuing... For more details, refer to https://developers.cloudflare.com/workers/wrangler/system-environment-variables/
---

--- 2024-12-25T23:09:59.137Z debug
.env file not found at "/home/yvesd/Codebases/Yves-donato/yves-proj/.dev.vars". Continuing... For more details, refer to https://developers.cloudflare.com/workers/wrangler/system-environment-variables/
---

--- 2024-12-25T23:09:59.139Z debug
.env file not found at "/home/yvesd/Codebases/Yves-donato/yves-proj/.dev.vars". Continuing... For more details, refer to https://developers.cloudflare.com/workers/wrangler/system-environment-variables/
---

--- 2024-12-25T23:09:59.142Z debug
.env file not found at "/home/yvesd/Codebases/Yves-donato/yves-proj/.dev.vars". Continuing... For more details, refer to https://developers.cloudflare.com/workers/wrangler/system-environment-variables/
---

--- 2024-12-25T23:09:59.144Z debug
.env file not found at "/home/yvesd/Codebases/Yves-donato/yves-proj/.dev.vars". Continuing... For more details, refer to https://developers.cloudflare.com/workers/wrangler/system-environment-variables/
---

--- 2024-12-25T23:09:59.147Z debug
.env file not found at "/home/yvesd/Codebases/Yves-donato/yves-proj/.dev.vars". Continuing... For more details, refer to https://developers.cloudflare.com/workers/wrangler/system-environment-variables/
---

--- 2024-12-25T23:09:59.149Z debug
.env file not found at "/home/yvesd/Codebases/Yves-donato/yves-proj/.dev.vars". Continuing... For more details, refer to https://developers.cloudflare.com/workers/wrangler/system-environment-variables/
---

--- 2024-12-25T23:09:59.152Z debug
.env file not found at "/home/yvesd/Codebases/Yves-donato/yves-proj/.dev.vars". Continuing... For more details, refer to https://developers.cloudflare.com/workers/wrangler/system-environment-variables/
---

--- 2024-12-25T23:09:59.155Z debug
.env file not found at "/home/yvesd/Codebases/Yves-donato/yves-proj/.dev.vars". Continuing... For more details, refer to https://developers.cloudflare.com/workers/wrangler/system-environment-variables/
---

--- 2024-12-25T23:09:59.157Z debug
.env file not found at "/home/yvesd/Codebases/Yves-donato/yves-proj/.dev.vars". Continuing... For more details, refer to https://developers.cloudflare.com/workers/wrangler/system-environment-variables/
---

--- 2024-12-25T23:09:59.160Z debug
.env file not found at "/home/yvesd/Codebases/Yves-donato/yves-proj/.dev.vars". Continuing... For more details, refer to https://developers.cloudflare.com/workers/wrangler/system-environment-variables/
---

--- 2024-12-25T23:09:59.167Z debug
.env file not found at "/home/yvesd/Codebases/Yves-donato/yves-proj/.dev.vars". Continuing... For more details, refer to https://developers.cloudflare.com/workers/wrangler/system-environment-variables/
---

--- 2024-12-25T23:09:59.170Z debug
.env file not found at "/home/yvesd/Codebases/Yves-donato/yves-proj/.dev.vars". Continuing... For more details, refer to https://developers.cloudflare.com/workers/wrangler/system-environment-variables/
---

--- 2024-12-25T23:09:59.173Z debug
.env file not found at "/home/yvesd/Codebases/Yves-donato/yves-proj/.dev.vars". Continuing... For more details, refer to https://developers.cloudflare.com/workers/wrangler/system-environment-variables/
---

--- 2024-12-25T23:09:59.175Z debug
.env file not found at "/home/yvesd/Codebases/Yves-donato/yves-proj/.dev.vars". Continuing... For more details, refer to https://developers.cloudflare.com/workers/wrangler/system-environment-variables/
---

--- 2024-12-25T23:09:59.178Z debug
.env file not found at "/home/yvesd/Codebases/Yves-donato/yves-proj/.dev.vars". Continuing... For more details, refer to https://developers.cloudflare.com/workers/wrangler/system-environment-variables/
---

--- 2024-12-25T23:09:59.180Z debug
.env file not found at "/home/yvesd/Codebases/Yves-donato/yves-proj/.dev.vars". Continuing... For more details, refer to https://developers.cloudflare.com/workers/wrangler/system-environment-variables/
---

--- 2024-12-25T23:09:59.183Z debug
.env file not found at "/home/yvesd/Codebases/Yves-donato/yves-proj/.dev.vars". Continuing... For more details, refer to https://developers.cloudflare.com/workers/wrangler/system-environment-variables/
---

--- 2024-12-25T23:09:59.185Z debug
.env file not found at "/home/yvesd/Codebases/Yves-donato/yves-proj/.dev.vars". Continuing... For more details, refer to https://developers.cloudflare.com/workers/wrangler/system-environment-variables/
---

--- 2024-12-25T23:09:59.188Z debug
.env file not found at "/home/yvesd/Codebases/Yves-donato/yves-proj/.dev.vars". Continuing... For more details, refer to https://developers.cloudflare.com/workers/wrangler/system-environment-variables/
---

--- 2024-12-25T23:09:59.192Z debug
.env file not found at "/home/yvesd/Codebases/Yves-donato/yves-proj/.dev.vars". Continuing... For more details, refer to https://developers.cloudflare.com/workers/wrangler/system-environment-variables/
---

--- 2024-12-25T23:09:59.235Z debug
.env file not found at "/home/yvesd/Codebases/Yves-donato/yves-proj/.dev.vars". Continuing... For more details, refer to https://developers.cloudflare.com/workers/wrangler/system-environment-variables/
---

--- 2024-12-25T23:09:59.237Z debug
.env file not found at "/home/yvesd/Codebases/Yves-donato/yves-proj/.dev.vars". Continuing... For more details, refer to https://developers.cloudflare.com/workers/wrangler/system-environment-variables/
---

--- 2024-12-25T23:09:59.240Z debug
.env file not found at "/home/yvesd/Codebases/Yves-donato/yves-proj/.dev.vars". Continuing... For more details, refer to https://developers.cloudflare.com/workers/wrangler/system-environment-variables/
---

--- 2024-12-25T23:09:59.242Z debug
.env file not found at "/home/yvesd/Codebases/Yves-donato/yves-proj/.dev.vars". Continuing... For more details, refer to https://developers.cloudflare.com/workers/wrangler/system-environment-variables/
---

--- 2024-12-25T23:09:59.245Z debug
.env file not found at "/home/yvesd/Codebases/Yves-donato/yves-proj/.dev.vars". Continuing... For more details, refer to https://developers.cloudflare.com/workers/wrangler/system-environment-variables/
---

--- 2024-12-25T23:09:59.248Z debug
.env file not found at "/home/yvesd/Codebases/Yves-donato/yves-proj/.dev.vars". Continuing... For more details, refer to https://developers.cloudflare.com/workers/wrangler/system-environment-variables/
---

--- 2024-12-25T23:09:59.250Z debug
.env file not found at "/home/yvesd/Codebases/Yves-donato/yves-proj/.dev.vars". Continuing... For more details, refer to https://developers.cloudflare.com/workers/wrangler/system-environment-variables/
---

--- 2024-12-25T23:09:59.253Z debug
.env file not found at "/home/yvesd/Codebases/Yves-donato/yves-proj/.dev.vars". Continuing... For more details, refer to https://developers.cloudflare.com/workers/wrangler/system-environment-variables/
---

--- 2024-12-25T23:09:59.255Z debug
.env file not found at "/home/yvesd/Codebases/Yves-donato/yves-proj/.dev.vars". Continuing... For more details, refer to https://developers.cloudflare.com/workers/wrangler/system-environment-variables/
---

--- 2024-12-25T23:09:59.261Z debug
.env file not found at "/home/yvesd/Codebases/Yves-donato/yves-proj/.dev.vars". Continuing... For more details, refer to https://developers.cloudflare.com/workers/wrangler/system-environment-variables/
---

--- 2024-12-25T23:09:59.264Z debug
.env file not found at "/home/yvesd/Codebases/Yves-donato/yves-proj/.dev.vars". Continuing... For more details, refer to https://developers.cloudflare.com/workers/wrangler/system-environment-variables/
---

--- 2024-12-25T23:09:59.266Z debug
.env file not found at "/home/yvesd/Codebases/Yves-donato/yves-proj/.dev.vars". Continuing... For more details, refer to https://developers.cloudflare.com/workers/wrangler/system-environment-variables/
---

--- 2024-12-25T23:09:59.269Z debug
.env file not found at "/home/yvesd/Codebases/Yves-donato/yves-proj/.dev.vars". Continuing... For more details, refer to https://developers.cloudflare.com/workers/wrangler/system-environment-variables/
---

--- 2024-12-25T23:09:59.271Z debug
.env file not found at "/home/yvesd/Codebases/Yves-donato/yves-proj/.dev.vars". Continuing... For more details, refer to https://developers.cloudflare.com/workers/wrangler/system-environment-variables/
---

--- 2024-12-25T23:09:59.274Z debug
.env file not found at "/home/yvesd/Codebases/Yves-donato/yves-proj/.dev.vars". Continuing... For more details, refer to https://developers.cloudflare.com/workers/wrangler/system-environment-variables/
---

--- 2024-12-25T23:09:59.276Z debug
.env file not found at "/home/yvesd/Codebases/Yves-donato/yves-proj/.dev.vars". Continuing... For more details, refer to https://developers.cloudflare.com/workers/wrangler/system-environment-variables/
---

--- 2024-12-25T23:09:59.279Z debug
.env file not found at "/home/yvesd/Codebases/Yves-donato/yves-proj/.dev.vars". Continuing... For more details, refer to https://developers.cloudflare.com/workers/wrangler/system-environment-variables/
---

--- 2024-12-25T23:09:59.281Z debug
.env file not found at "/home/yvesd/Codebases/Yves-donato/yves-proj/.dev.vars". Continuing... For more details, refer to https://developers.cloudflare.com/workers/wrangler/system-environment-variables/
---

--- 2024-12-25T23:09:59.283Z debug
.env file not found at "/home/yvesd/Codebases/Yves-donato/yves-proj/.dev.vars". Continuing... For more details, refer to https://developers.cloudflare.com/workers/wrangler/system-environment-variables/
---

--- 2024-12-25T23:09:59.286Z debug
.env file not found at "/home/yvesd/Codebases/Yves-donato/yves-proj/.dev.vars". Continuing... For more details, refer to https://developers.cloudflare.com/workers/wrangler/system-environment-variables/
---

--- 2024-12-25T23:09:59.350Z debug
.env file not found at "/home/yvesd/Codebases/Yves-donato/yves-proj/.dev.vars". Continuing... For more details, refer to https://developers.cloudflare.com/workers/wrangler/system-environment-variables/
---

--- 2024-12-25T23:09:59.357Z debug
.env file not found at "/home/yvesd/Codebases/Yves-donato/yves-proj/.dev.vars". Continuing... For more details, refer to https://developers.cloudflare.com/workers/wrangler/system-environment-variables/
---

--- 2024-12-25T23:09:59.360Z debug
.env file not found at "/home/yvesd/Codebases/Yves-donato/yves-proj/.dev.vars". Continuing... For more details, refer to https://developers.cloudflare.com/workers/wrangler/system-environment-variables/
---

--- 2024-12-25T23:09:59.362Z debug
.env file not found at "/home/yvesd/Codebases/Yves-donato/yves-proj/.dev.vars". Continuing... For more details, refer to https://developers.cloudflare.com/workers/wrangler/system-environment-variables/
---

--- 2024-12-25T23:09:59.365Z debug
.env file not found at "/home/yvesd/Codebases/Yves-donato/yves-proj/.dev.vars". Continuing... For more details, refer to https://developers.cloudflare.com/workers/wrangler/system-environment-variables/
---

--- 2024-12-25T23:09:59.367Z debug
.env file not found at "/home/yvesd/Codebases/Yves-donato/yves-proj/.dev.vars". Continuing... For more details, refer to https://developers.cloudflare.com/workers/wrangler/system-environment-variables/
---

--- 2024-12-25T23:09:59.370Z debug
.env file not found at "/home/yvesd/Codebases/Yves-donato/yves-proj/.dev.vars". Continuing... For more details, refer to https://developers.cloudflare.com/workers/wrangler/system-environment-variables/
---

--- 2024-12-25T23:09:59.373Z debug
.env file not found at "/home/yvesd/Codebases/Yves-donato/yves-proj/.dev.vars". Continuing... For more details, refer to https://developers.cloudflare.com/workers/wrangler/system-environment-variables/
---

--- 2024-12-25T23:09:59.375Z debug
.env file not found at "/home/yvesd/Codebases/Yves-donato/yves-proj/.dev.vars". Continuing... For more details, refer to https://developers.cloudflare.com/workers/wrangler/system-environment-variables/
---

--- 2024-12-25T23:09:59.378Z debug
.env file not found at "/home/yvesd/Codebases/Yves-donato/yves-proj/.dev.vars". Continuing... For more details, refer to https://developers.cloudflare.com/workers/wrangler/system-environment-variables/
---

--- 2024-12-25T23:09:59.380Z debug
.env file not found at "/home/yvesd/Codebases/Yves-donato/yves-proj/.dev.vars". Continuing... For more details, refer to https://developers.cloudflare.com/workers/wrangler/system-environment-variables/
---

--- 2024-12-25T23:09:59.382Z debug
.env file not found at "/home/yvesd/Codebases/Yves-donato/yves-proj/.dev.vars". Continuing... For more details, refer to https://developers.cloudflare.com/workers/wrangler/system-environment-variables/
---

--- 2024-12-25T23:09:59.388Z debug
.env file not found at "/home/yvesd/Codebases/Yves-donato/yves-proj/.dev.vars". Continuing... For more details, refer to https://developers.cloudflare.com/workers/wrangler/system-environment-variables/
---

--- 2024-12-25T23:09:59.391Z debug
.env file not found at "/home/yvesd/Codebases/Yves-donato/yves-proj/.dev.vars". Continuing... For more details, refer to https://developers.cloudflare.com/workers/wrangler/system-environment-variables/
---

--- 2024-12-25T23:09:59.393Z debug
.env file not found at "/home/yvesd/Codebases/Yves-donato/yves-proj/.dev.vars". Continuing... For more details, refer to https://developers.cloudflare.com/workers/wrangler/system-environment-variables/
---

--- 2024-12-25T23:09:59.396Z debug
.env file not found at "/home/yvesd/Codebases/Yves-donato/yves-proj/.dev.vars". Continuing... For more details, refer to https://developers.cloudflare.com/workers/wrangler/system-environment-variables/
---

--- 2024-12-25T23:09:59.398Z debug
.env file not found at "/home/yvesd/Codebases/Yves-donato/yves-proj/.dev.vars". Continuing... For more details, refer to https://developers.cloudflare.com/workers/wrangler/system-environment-variables/
---

--- 2024-12-25T23:09:59.401Z debug
.env file not found at "/home/yvesd/Codebases/Yves-donato/yves-proj/.dev.vars". Continuing... For more details, refer to https://developers.cloudflare.com/workers/wrangler/system-environment-variables/
---

--- 2024-12-25T23:09:59.404Z debug
.env file not found at "/home/yvesd/Codebases/Yves-donato/yves-proj/.dev.vars". Continuing... For more details, refer to https://developers.cloudflare.com/workers/wrangler/system-environment-variables/
---

--- 2024-12-25T23:09:59.410Z debug
.env file not found at "/home/yvesd/Codebases/Yves-donato/yves-proj/.dev.vars". Continuing... For more details, refer to https://developers.cloudflare.com/workers/wrangler/system-environment-variables/
---

--- 2024-12-25T23:09:59.414Z debug
.env file not found at "/home/yvesd/Codebases/Yves-donato/yves-proj/.dev.vars". Continuing... For more details, refer to https://developers.cloudflare.com/workers/wrangler/system-environment-variables/
---

--- 2024-12-25T23:09:59.417Z debug
.env file not found at "/home/yvesd/Codebases/Yves-donato/yves-proj/.dev.vars". Continuing... For more details, refer to https://developers.cloudflare.com/workers/wrangler/system-environment-variables/
---

--- 2024-12-25T23:09:59.419Z debug
.env file not found at "/home/yvesd/Codebases/Yves-donato/yves-proj/.dev.vars". Continuing... For more details, refer to https://developers.cloudflare.com/workers/wrangler/system-environment-variables/
---

--- 2024-12-25T23:09:59.422Z debug
.env file not found at "/home/yvesd/Codebases/Yves-donato/yves-proj/.dev.vars". Continuing... For more details, refer to https://developers.cloudflare.com/workers/wrangler/system-environment-variables/
---

--- 2024-12-25T23:09:59.429Z debug
.env file not found at "/home/yvesd/Codebases/Yves-donato/yves-proj/.dev.vars". Continuing... For more details, refer to https://developers.cloudflare.com/workers/wrangler/system-environment-variables/
---

--- 2024-12-25T23:09:59.432Z debug
.env file not found at "/home/yvesd/Codebases/Yves-donato/yves-proj/.dev.vars". Continuing... For more details, refer to https://developers.cloudflare.com/workers/wrangler/system-environment-variables/
---

--- 2024-12-25T23:09:59.435Z debug
.env file not found at "/home/yvesd/Codebases/Yves-donato/yves-proj/.dev.vars". Continuing... For more details, refer to https://developers.cloudflare.com/workers/wrangler/system-environment-variables/
---

--- 2024-12-25T23:09:59.438Z debug
.env file not found at "/home/yvesd/Codebases/Yves-donato/yves-proj/.dev.vars". Continuing... For more details, refer to https://developers.cloudflare.com/workers/wrangler/system-environment-variables/
---

--- 2024-12-25T23:09:59.440Z debug
.env file not found at "/home/yvesd/Codebases/Yves-donato/yves-proj/.dev.vars". Continuing... For more details, refer to https://developers.cloudflare.com/workers/wrangler/system-environment-variables/
---

--- 2024-12-25T23:09:59.444Z debug
.env file not found at "/home/yvesd/Codebases/Yves-donato/yves-proj/.dev.vars". Continuing... For more details, refer to https://developers.cloudflare.com/workers/wrangler/system-environment-variables/
---

--- 2024-12-25T23:09:59.446Z debug
.env file not found at "/home/yvesd/Codebases/Yves-donato/yves-proj/.dev.vars". Continuing... For more details, refer to https://developers.cloudflare.com/workers/wrangler/system-environment-variables/
---

--- 2024-12-25T23:09:59.449Z debug
.env file not found at "/home/yvesd/Codebases/Yves-donato/yves-proj/.dev.vars". Continuing... For more details, refer to https://developers.cloudflare.com/workers/wrangler/system-environment-variables/
---

--- 2024-12-25T23:09:59.452Z debug
.env file not found at "/home/yvesd/Codebases/Yves-donato/yves-proj/.dev.vars". Continuing... For more details, refer to https://developers.cloudflare.com/workers/wrangler/system-environment-variables/
---

--- 2024-12-25T23:09:59.454Z debug
.env file not found at "/home/yvesd/Codebases/Yves-donato/yves-proj/.dev.vars". Continuing... For more details, refer to https://developers.cloudflare.com/workers/wrangler/system-environment-variables/
---

--- 2024-12-25T23:09:59.457Z debug
.env file not found at "/home/yvesd/Codebases/Yves-donato/yves-proj/.dev.vars". Continuing... For more details, refer to https://developers.cloudflare.com/workers/wrangler/system-environment-variables/
---

--- 2024-12-25T23:55:32.133Z debug
.env file not found at "/home/yvesd/Codebases/Yves-donato/yves-proj/.dev.vars". Continuing... For more details, refer to https://developers.cloudflare.com/workers/wrangler/system-environment-variables/
---

--- 2024-12-25T23:55:32.145Z debug
.env file not found at "/home/yvesd/Codebases/Yves-donato/yves-proj/.dev.vars". Continuing... For more details, refer to https://developers.cloudflare.com/workers/wrangler/system-environment-variables/
---

--- 2024-12-25T23:55:32.149Z debug
.env file not found at "/home/yvesd/Codebases/Yves-donato/yves-proj/.dev.vars". Continuing... For more details, refer to https://developers.cloudflare.com/workers/wrangler/system-environment-variables/
---

--- 2024-12-25T23:55:32.153Z debug
.env file not found at "/home/yvesd/Codebases/Yves-donato/yves-proj/.dev.vars". Continuing... For more details, refer to https://developers.cloudflare.com/workers/wrangler/system-environment-variables/
---

--- 2024-12-25T23:55:32.156Z debug
.env file not found at "/home/yvesd/Codebases/Yves-donato/yves-proj/.dev.vars". Continuing... For more details, refer to https://developers.cloudflare.com/workers/wrangler/system-environment-variables/
---

--- 2024-12-25T23:55:32.159Z debug
.env file not found at "/home/yvesd/Codebases/Yves-donato/yves-proj/.dev.vars". Continuing... For more details, refer to https://developers.cloudflare.com/workers/wrangler/system-environment-variables/
---

--- 2024-12-25T23:55:32.164Z debug
.env file not found at "/home/yvesd/Codebases/Yves-donato/yves-proj/.dev.vars". Continuing... For more details, refer to https://developers.cloudflare.com/workers/wrangler/system-environment-variables/
---

--- 2024-12-25T23:55:32.168Z debug
.env file not found at "/home/yvesd/Codebases/Yves-donato/yves-proj/.dev.vars". Continuing... For more details, refer to https://developers.cloudflare.com/workers/wrangler/system-environment-variables/
---

--- 2024-12-25T23:55:32.171Z debug
.env file not found at "/home/yvesd/Codebases/Yves-donato/yves-proj/.dev.vars". Continuing... For more details, refer to https://developers.cloudflare.com/workers/wrangler/system-environment-variables/
---

--- 2024-12-25T23:55:32.174Z debug
.env file not found at "/home/yvesd/Codebases/Yves-donato/yves-proj/.dev.vars". Continuing... For more details, refer to https://developers.cloudflare.com/workers/wrangler/system-environment-variables/
---

--- 2024-12-25T23:55:32.259Z debug
.env file not found at "/home/yvesd/Codebases/Yves-donato/yves-proj/.dev.vars". Continuing... For more details, refer to https://developers.cloudflare.com/workers/wrangler/system-environment-variables/
---

--- 2024-12-25T23:55:32.262Z debug
.env file not found at "/home/yvesd/Codebases/Yves-donato/yves-proj/.dev.vars". Continuing... For more details, refer to https://developers.cloudflare.com/workers/wrangler/system-environment-variables/
---

--- 2024-12-25T23:55:32.265Z debug
.env file not found at "/home/yvesd/Codebases/Yves-donato/yves-proj/.dev.vars". Continuing... For more details, refer to https://developers.cloudflare.com/workers/wrangler/system-environment-variables/
---

--- 2024-12-25T23:55:32.269Z debug
.env file not found at "/home/yvesd/Codebases/Yves-donato/yves-proj/.dev.vars". Continuing... For more details, refer to https://developers.cloudflare.com/workers/wrangler/system-environment-variables/
---

--- 2024-12-25T23:55:32.272Z debug
.env file not found at "/home/yvesd/Codebases/Yves-donato/yves-proj/.dev.vars". Continuing... For more details, refer to https://developers.cloudflare.com/workers/wrangler/system-environment-variables/
---

--- 2024-12-25T23:55:32.275Z debug
.env file not found at "/home/yvesd/Codebases/Yves-donato/yves-proj/.dev.vars". Continuing... For more details, refer to https://developers.cloudflare.com/workers/wrangler/system-environment-variables/
---

--- 2024-12-25T23:55:32.277Z debug
.env file not found at "/home/yvesd/Codebases/Yves-donato/yves-proj/.dev.vars". Continuing... For more details, refer to https://developers.cloudflare.com/workers/wrangler/system-environment-variables/
---

--- 2024-12-25T23:55:32.280Z debug
.env file not found at "/home/yvesd/Codebases/Yves-donato/yves-proj/.dev.vars". Continuing... For more details, refer to https://developers.cloudflare.com/workers/wrangler/system-environment-variables/
---

--- 2024-12-25T23:55:32.283Z debug
.env file not found at "/home/yvesd/Codebases/Yves-donato/yves-proj/.dev.vars". Continuing... For more details, refer to https://developers.cloudflare.com/workers/wrangler/system-environment-variables/
---

--- 2024-12-25T23:55:32.286Z debug
.env file not found at "/home/yvesd/Codebases/Yves-donato/yves-proj/.dev.vars". Continuing... For more details, refer to https://developers.cloudflare.com/workers/wrangler/system-environment-variables/
---

--- 2024-12-25T23:55:32.293Z debug
.env file not found at "/home/yvesd/Codebases/Yves-donato/yves-proj/.dev.vars". Continuing... For more details, refer to https://developers.cloudflare.com/workers/wrangler/system-environment-variables/
---

--- 2024-12-25T23:55:32.297Z debug
.env file not found at "/home/yvesd/Codebases/Yves-donato/yves-proj/.dev.vars". Continuing... For more details, refer to https://developers.cloudflare.com/workers/wrangler/system-environment-variables/
---

--- 2024-12-25T23:55:32.300Z debug
.env file not found at "/home/yvesd/Codebases/Yves-donato/yves-proj/.dev.vars". Continuing... For more details, refer to https://developers.cloudflare.com/workers/wrangler/system-environment-variables/
---

--- 2024-12-25T23:55:32.303Z debug
.env file not found at "/home/yvesd/Codebases/Yves-donato/yves-proj/.dev.vars". Continuing... For more details, refer to https://developers.cloudflare.com/workers/wrangler/system-environment-variables/
---

--- 2024-12-25T23:55:32.306Z debug
.env file not found at "/home/yvesd/Codebases/Yves-donato/yves-proj/.dev.vars". Continuing... For more details, refer to https://developers.cloudflare.com/workers/wrangler/system-environment-variables/
---

--- 2024-12-25T23:55:32.309Z debug
.env file not found at "/home/yvesd/Codebases/Yves-donato/yves-proj/.dev.vars". Continuing... For more details, refer to https://developers.cloudflare.com/workers/wrangler/system-environment-variables/
---

--- 2024-12-25T23:55:32.312Z debug
.env file not found at "/home/yvesd/Codebases/Yves-donato/yves-proj/.dev.vars". Continuing... For more details, refer to https://developers.cloudflare.com/workers/wrangler/system-environment-variables/
---

--- 2024-12-25T23:55:32.315Z debug
.env file not found at "/home/yvesd/Codebases/Yves-donato/yves-proj/.dev.vars". Continuing... For more details, refer to https://developers.cloudflare.com/workers/wrangler/system-environment-variables/
---

--- 2024-12-25T23:55:32.318Z debug
.env file not found at "/home/yvesd/Codebases/Yves-donato/yves-proj/.dev.vars". Continuing... For more details, refer to https://developers.cloudflare.com/workers/wrangler/system-environment-variables/
---

--- 2024-12-25T23:55:32.322Z debug
.env file not found at "/home/yvesd/Codebases/Yves-donato/yves-proj/.dev.vars". Continuing... For more details, refer to https://developers.cloudflare.com/workers/wrangler/system-environment-variables/
---

--- 2024-12-25T23:55:32.325Z debug
.env file not found at "/home/yvesd/Codebases/Yves-donato/yves-proj/.dev.vars". Continuing... For more details, refer to https://developers.cloudflare.com/workers/wrangler/system-environment-variables/
---

--- 2024-12-25T23:55:32.333Z debug
.env file not found at "/home/yvesd/Codebases/Yves-donato/yves-proj/.dev.vars". Continuing... For more details, refer to https://developers.cloudflare.com/workers/wrangler/system-environment-variables/
---

--- 2024-12-25T23:55:32.336Z debug
.env file not found at "/home/yvesd/Codebases/Yves-donato/yves-proj/.dev.vars". Continuing... For more details, refer to https://developers.cloudflare.com/workers/wrangler/system-environment-variables/
---

--- 2024-12-25T23:55:32.339Z debug
.env file not found at "/home/yvesd/Codebases/Yves-donato/yves-proj/.dev.vars". Continuing... For more details, refer to https://developers.cloudflare.com/workers/wrangler/system-environment-variables/
---

--- 2024-12-25T23:55:32.342Z debug
.env file not found at "/home/yvesd/Codebases/Yves-donato/yves-proj/.dev.vars". Continuing... For more details, refer to https://developers.cloudflare.com/workers/wrangler/system-environment-variables/
---

--- 2024-12-25T23:55:32.345Z debug
.env file not found at "/home/yvesd/Codebases/Yves-donato/yves-proj/.dev.vars". Continuing... For more details, refer to https://developers.cloudflare.com/workers/wrangler/system-environment-variables/
---

--- 2024-12-25T23:55:32.348Z debug
.env file not found at "/home/yvesd/Codebases/Yves-donato/yves-proj/.dev.vars". Continuing... For more details, refer to https://developers.cloudflare.com/workers/wrangler/system-environment-variables/
---

--- 2024-12-25T23:55:32.352Z debug
.env file not found at "/home/yvesd/Codebases/Yves-donato/yves-proj/.dev.vars". Continuing... For more details, refer to https://developers.cloudflare.com/workers/wrangler/system-environment-variables/
---

--- 2024-12-25T23:55:32.355Z debug
.env file not found at "/home/yvesd/Codebases/Yves-donato/yves-proj/.dev.vars". Continuing... For more details, refer to https://developers.cloudflare.com/workers/wrangler/system-environment-variables/
---

--- 2024-12-25T23:55:32.358Z debug
.env file not found at "/home/yvesd/Codebases/Yves-donato/yves-proj/.dev.vars". Continuing... For more details, refer to https://developers.cloudflare.com/workers/wrangler/system-environment-variables/
---

--- 2024-12-25T23:55:32.361Z debug
.env file not found at "/home/yvesd/Codebases/Yves-donato/yves-proj/.dev.vars". Continuing... For more details, refer to https://developers.cloudflare.com/workers/wrangler/system-environment-variables/
---

--- 2024-12-25T23:55:32.364Z debug
.env file not found at "/home/yvesd/Codebases/Yves-donato/yves-proj/.dev.vars". Continuing... For more details, refer to https://developers.cloudflare.com/workers/wrangler/system-environment-variables/
---

--- 2024-12-25T23:55:32.366Z debug
.env file not found at "/home/yvesd/Codebases/Yves-donato/yves-proj/.dev.vars". Continuing... For more details, refer to https://developers.cloudflare.com/workers/wrangler/system-environment-variables/
---

--- 2024-12-25T23:55:32.374Z debug
.env file not found at "/home/yvesd/Codebases/Yves-donato/yves-proj/.dev.vars". Continuing... For more details, refer to https://developers.cloudflare.com/workers/wrangler/system-environment-variables/
---

--- 2024-12-25T23:55:32.377Z debug
.env file not found at "/home/yvesd/Codebases/Yves-donato/yves-proj/.dev.vars". Continuing... For more details, refer to https://developers.cloudflare.com/workers/wrangler/system-environment-variables/
---

--- 2024-12-25T23:55:32.380Z debug
.env file not found at "/home/yvesd/Codebases/Yves-donato/yves-proj/.dev.vars". Continuing... For more details, refer to https://developers.cloudflare.com/workers/wrangler/system-environment-variables/
---

--- 2024-12-25T23:55:32.383Z debug
.env file not found at "/home/yvesd/Codebases/Yves-donato/yves-proj/.dev.vars". Continuing... For more details, refer to https://developers.cloudflare.com/workers/wrangler/system-environment-variables/
---

--- 2024-12-25T23:55:32.387Z debug
.env file not found at "/home/yvesd/Codebases/Yves-donato/yves-proj/.dev.vars". Continuing... For more details, refer to https://developers.cloudflare.com/workers/wrangler/system-environment-variables/
---

--- 2024-12-25T23:55:32.389Z debug
.env file not found at "/home/yvesd/Codebases/Yves-donato/yves-proj/.dev.vars". Continuing... For more details, refer to https://developers.cloudflare.com/workers/wrangler/system-environment-variables/
---

--- 2024-12-25T23:55:32.393Z debug
.env file not found at "/home/yvesd/Codebases/Yves-donato/yves-proj/.dev.vars". Continuing... For more details, refer to https://developers.cloudflare.com/workers/wrangler/system-environment-variables/
---

--- 2024-12-25T23:55:32.396Z debug
.env file not found at "/home/yvesd/Codebases/Yves-donato/yves-proj/.dev.vars". Continuing... For more details, refer to https://developers.cloudflare.com/workers/wrangler/system-environment-variables/
---

--- 2024-12-25T23:55:32.399Z debug
.env file not found at "/home/yvesd/Codebases/Yves-donato/yves-proj/.dev.vars". Continuing... For more details, refer to https://developers.cloudflare.com/workers/wrangler/system-environment-variables/
---

--- 2024-12-25T23:55:32.437Z debug
.env file not found at "/home/yvesd/Codebases/Yves-donato/yves-proj/.dev.vars". Continuing... For more details, refer to https://developers.cloudflare.com/workers/wrangler/system-environment-variables/
---

--- 2024-12-25T23:55:32.445Z debug
.env file not found at "/home/yvesd/Codebases/Yves-donato/yves-proj/.dev.vars". Continuing... For more details, refer to https://developers.cloudflare.com/workers/wrangler/system-environment-variables/
---

--- 2024-12-25T23:55:32.449Z debug
.env file not found at "/home/yvesd/Codebases/Yves-donato/yves-proj/.dev.vars". Continuing... For more details, refer to https://developers.cloudflare.com/workers/wrangler/system-environment-variables/
---

--- 2024-12-25T23:55:32.452Z debug
.env file not found at "/home/yvesd/Codebases/Yves-donato/yves-proj/.dev.vars". Continuing... For more details, refer to https://developers.cloudflare.com/workers/wrangler/system-environment-variables/
---

--- 2024-12-25T23:55:32.456Z debug
.env file not found at "/home/yvesd/Codebases/Yves-donato/yves-proj/.dev.vars". Continuing... For more details, refer to https://developers.cloudflare.com/workers/wrangler/system-environment-variables/
---

--- 2024-12-25T23:55:32.459Z debug
.env file not found at "/home/yvesd/Codebases/Yves-donato/yves-proj/.dev.vars". Continuing... For more details, refer to https://developers.cloudflare.com/workers/wrangler/system-environment-variables/
---

--- 2024-12-25T23:55:32.462Z debug
.env file not found at "/home/yvesd/Codebases/Yves-donato/yves-proj/.dev.vars". Continuing... For more details, refer to https://developers.cloudflare.com/workers/wrangler/system-environment-variables/
---

--- 2024-12-25T23:55:32.465Z debug
.env file not found at "/home/yvesd/Codebases/Yves-donato/yves-proj/.dev.vars". Continuing... For more details, refer to https://developers.cloudflare.com/workers/wrangler/system-environment-variables/
---

--- 2024-12-25T23:55:32.468Z debug
.env file not found at "/home/yvesd/Codebases/Yves-donato/yves-proj/.dev.vars". Continuing... For more details, refer to https://developers.cloudflare.com/workers/wrangler/system-environment-variables/
---

--- 2024-12-25T23:55:32.471Z debug
.env file not found at "/home/yvesd/Codebases/Yves-donato/yves-proj/.dev.vars". Continuing... For more details, refer to https://developers.cloudflare.com/workers/wrangler/system-environment-variables/
---

--- 2024-12-25T23:55:32.474Z debug
.env file not found at "/home/yvesd/Codebases/Yves-donato/yves-proj/.dev.vars". Continuing... For more details, refer to https://developers.cloudflare.com/workers/wrangler/system-environment-variables/
---

--- 2024-12-25T23:55:32.477Z debug
.env file not found at "/home/yvesd/Codebases/Yves-donato/yves-proj/.dev.vars". Continuing... For more details, refer to https://developers.cloudflare.com/workers/wrangler/system-environment-variables/
---

--- 2024-12-25T23:55:32.485Z debug
.env file not found at "/home/yvesd/Codebases/Yves-donato/yves-proj/.dev.vars". Continuing... For more details, refer to https://developers.cloudflare.com/workers/wrangler/system-environment-variables/
---

--- 2024-12-25T23:55:32.488Z debug
.env file not found at "/home/yvesd/Codebases/Yves-donato/yves-proj/.dev.vars". Continuing... For more details, refer to https://developers.cloudflare.com/workers/wrangler/system-environment-variables/
---

--- 2024-12-25T23:55:32.491Z debug
.env file not found at "/home/yvesd/Codebases/Yves-donato/yves-proj/.dev.vars". Continuing... For more details, refer to https://developers.cloudflare.com/workers/wrangler/system-environment-variables/
---

--- 2024-12-25T23:55:32.494Z debug
.env file not found at "/home/yvesd/Codebases/Yves-donato/yves-proj/.dev.vars". Continuing... For more details, refer to https://developers.cloudflare.com/workers/wrangler/system-environment-variables/
---

--- 2024-12-25T23:55:32.497Z debug
.env file not found at "/home/yvesd/Codebases/Yves-donato/yves-proj/.dev.vars". Continuing... For more details, refer to https://developers.cloudflare.com/workers/wrangler/system-environment-variables/
---

--- 2024-12-25T23:55:32.499Z debug
.env file not found at "/home/yvesd/Codebases/Yves-donato/yves-proj/.dev.vars". Continuing... For more details, refer to https://developers.cloudflare.com/workers/wrangler/system-environment-variables/
---

--- 2024-12-25T23:55:32.568Z debug
.env file not found at "/home/yvesd/Codebases/Yves-donato/yves-proj/.dev.vars". Continuing... For more details, refer to https://developers.cloudflare.com/workers/wrangler/system-environment-variables/
---

--- 2024-12-25T23:55:32.572Z debug
.env file not found at "/home/yvesd/Codebases/Yves-donato/yves-proj/.dev.vars". Continuing... For more details, refer to https://developers.cloudflare.com/workers/wrangler/system-environment-variables/
---

--- 2024-12-25T23:55:32.575Z debug
.env file not found at "/home/yvesd/Codebases/Yves-donato/yves-proj/.dev.vars". Continuing... For more details, refer to https://developers.cloudflare.com/workers/wrangler/system-environment-variables/
---

--- 2024-12-25T23:55:32.578Z debug
.env file not found at "/home/yvesd/Codebases/Yves-donato/yves-proj/.dev.vars". Continuing... For more details, refer to https://developers.cloudflare.com/workers/wrangler/system-environment-variables/
---

--- 2024-12-25T23:55:32.581Z debug
.env file not found at "/home/yvesd/Codebases/Yves-donato/yves-proj/.dev.vars". Continuing... For more details, refer to https://developers.cloudflare.com/workers/wrangler/system-environment-variables/
---

--- 2024-12-25T23:55:32.585Z debug
.env file not found at "/home/yvesd/Codebases/Yves-donato/yves-proj/.dev.vars". Continuing... For more details, refer to https://developers.cloudflare.com/workers/wrangler/system-environment-variables/
---

--- 2024-12-25T23:55:32.588Z debug
.env file not found at "/home/yvesd/Codebases/Yves-donato/yves-proj/.dev.vars". Continuing... For more details, refer to https://developers.cloudflare.com/workers/wrangler/system-environment-variables/
---

--- 2024-12-25T23:55:32.590Z debug
.env file not found at "/home/yvesd/Codebases/Yves-donato/yves-proj/.dev.vars". Continuing... For more details, refer to https://developers.cloudflare.com/workers/wrangler/system-environment-variables/
---

--- 2024-12-25T23:55:32.594Z debug
.env file not found at "/home/yvesd/Codebases/Yves-donato/yves-proj/.dev.vars". Continuing... For more details, refer to https://developers.cloudflare.com/workers/wrangler/system-environment-variables/
---

--- 2024-12-25T23:55:32.601Z debug
.env file not found at "/home/yvesd/Codebases/Yves-donato/yves-proj/.dev.vars". Continuing... For more details, refer to https://developers.cloudflare.com/workers/wrangler/system-environment-variables/
---

--- 2024-12-25T23:55:32.604Z debug
.env file not found at "/home/yvesd/Codebases/Yves-donato/yves-proj/.dev.vars". Continuing... For more details, refer to https://developers.cloudflare.com/workers/wrangler/system-environment-variables/
---

--- 2024-12-25T23:55:32.608Z debug
.env file not found at "/home/yvesd/Codebases/Yves-donato/yves-proj/.dev.vars". Continuing... For more details, refer to https://developers.cloudflare.com/workers/wrangler/system-environment-variables/
---

--- 2024-12-25T23:55:32.611Z debug
.env file not found at "/home/yvesd/Codebases/Yves-donato/yves-proj/.dev.vars". Continuing... For more details, refer to https://developers.cloudflare.com/workers/wrangler/system-environment-variables/
---

--- 2024-12-25T23:55:32.616Z debug
.env file not found at "/home/yvesd/Codebases/Yves-donato/yves-proj/.dev.vars". Continuing... For more details, refer to https://developers.cloudflare.com/workers/wrangler/system-environment-variables/
---

--- 2024-12-25T23:55:32.619Z debug
.env file not found at "/home/yvesd/Codebases/Yves-donato/yves-proj/.dev.vars". Continuing... For more details, refer to https://developers.cloudflare.com/workers/wrangler/system-environment-variables/
---

--- 2024-12-25T23:55:32.622Z debug
.env file not found at "/home/yvesd/Codebases/Yves-donato/yves-proj/.dev.vars". Continuing... For more details, refer to https://developers.cloudflare.com/workers/wrangler/system-environment-variables/
---

--- 2024-12-25T23:55:32.624Z debug
.env file not found at "/home/yvesd/Codebases/Yves-donato/yves-proj/.dev.vars". Continuing... For more details, refer to https://developers.cloudflare.com/workers/wrangler/system-environment-variables/
---

--- 2024-12-25T23:55:32.628Z debug
.env file not found at "/home/yvesd/Codebases/Yves-donato/yves-proj/.dev.vars". Continuing... For more details, refer to https://developers.cloudflare.com/workers/wrangler/system-environment-variables/
---

--- 2024-12-25T23:55:32.630Z debug
.env file not found at "/home/yvesd/Codebases/Yves-donato/yves-proj/.dev.vars". Continuing... For more details, refer to https://developers.cloudflare.com/workers/wrangler/system-environment-variables/
---

--- 2024-12-25T23:55:32.633Z debug
.env file not found at "/home/yvesd/Codebases/Yves-donato/yves-proj/.dev.vars". Continuing... For more details, refer to https://developers.cloudflare.com/workers/wrangler/system-environment-variables/
---

--- 2024-12-25T23:55:32.642Z debug
.env file not found at "/home/yvesd/Codebases/Yves-donato/yves-proj/.dev.vars". Continuing... For more details, refer to https://developers.cloudflare.com/workers/wrangler/system-environment-variables/
---

--- 2024-12-25T23:55:32.645Z debug
.env file not found at "/home/yvesd/Codebases/Yves-donato/yves-proj/.dev.vars". Continuing... For more details, refer to https://developers.cloudflare.com/workers/wrangler/system-environment-variables/
---

--- 2024-12-25T23:55:32.649Z debug
.env file not found at "/home/yvesd/Codebases/Yves-donato/yves-proj/.dev.vars". Continuing... For more details, refer to https://developers.cloudflare.com/workers/wrangler/system-environment-variables/
---

--- 2024-12-25T23:55:32.652Z debug
.env file not found at "/home/yvesd/Codebases/Yves-donato/yves-proj/.dev.vars". Continuing... For more details, refer to https://developers.cloudflare.com/workers/wrangler/system-environment-variables/
---

--- 2024-12-25T23:55:32.655Z debug
.env file not found at "/home/yvesd/Codebases/Yves-donato/yves-proj/.dev.vars". Continuing... For more details, refer to https://developers.cloudflare.com/workers/wrangler/system-environment-variables/
---

--- 2024-12-25T23:55:32.658Z debug
.env file not found at "/home/yvesd/Codebases/Yves-donato/yves-proj/.dev.vars". Continuing... For more details, refer to https://developers.cloudflare.com/workers/wrangler/system-environment-variables/
---

--- 2024-12-25T23:55:32.661Z debug
.env file not found at "/home/yvesd/Codebases/Yves-donato/yves-proj/.dev.vars". Continuing... For more details, refer to https://developers.cloudflare.com/workers/wrangler/system-environment-variables/
---

--- 2024-12-25T23:55:32.664Z debug
.env file not found at "/home/yvesd/Codebases/Yves-donato/yves-proj/.dev.vars". Continuing... For more details, refer to https://developers.cloudflare.com/workers/wrangler/system-environment-variables/
---

--- 2024-12-25T23:55:32.667Z debug
.env file not found at "/home/yvesd/Codebases/Yves-donato/yves-proj/.dev.vars". Continuing... For more details, refer to https://developers.cloudflare.com/workers/wrangler/system-environment-variables/
---

--- 2024-12-25T23:55:32.671Z debug
.env file not found at "/home/yvesd/Codebases/Yves-donato/yves-proj/.dev.vars". Continuing... For more details, refer to https://developers.cloudflare.com/workers/wrangler/system-environment-variables/
---

--- 2024-12-25T23:55:32.674Z debug
.env file not found at "/home/yvesd/Codebases/Yves-donato/yves-proj/.dev.vars". Continuing... For more details, refer to https://developers.cloudflare.com/workers/wrangler/system-environment-variables/
---

--- 2024-12-25T23:55:32.677Z debug
.env file not found at "/home/yvesd/Codebases/Yves-donato/yves-proj/.dev.vars". Continuing... For more details, refer to https://developers.cloudflare.com/workers/wrangler/system-environment-variables/
---

--- 2024-12-25T23:55:32.685Z debug
.env file not found at "/home/yvesd/Codebases/Yves-donato/yves-proj/.dev.vars". Continuing... For more details, refer to https://developers.cloudflare.com/workers/wrangler/system-environment-variables/
---

--- 2024-12-25T23:55:32.689Z debug
.env file not found at "/home/yvesd/Codebases/Yves-donato/yves-proj/.dev.vars". Continuing... For more details, refer to https://developers.cloudflare.com/workers/wrangler/system-environment-variables/
---

--- 2024-12-25T23:55:32.692Z debug
.env file not found at "/home/yvesd/Codebases/Yves-donato/yves-proj/.dev.vars". Continuing... For more details, refer to https://developers.cloudflare.com/workers/wrangler/system-environment-variables/
---

--- 2024-12-25T23:55:32.719Z debug
.env file not found at "/home/yvesd/Codebases/Yves-donato/yves-proj/.dev.vars". Continuing... For more details, refer to https://developers.cloudflare.com/workers/wrangler/system-environment-variables/
---

--- 2024-12-25T23:55:32.727Z debug
.env file not found at "/home/yvesd/Codebases/Yves-donato/yves-proj/.dev.vars". Continuing... For more details, refer to https://developers.cloudflare.com/workers/wrangler/system-environment-variables/
---

--- 2024-12-25T23:55:32.730Z debug
.env file not found at "/home/yvesd/Codebases/Yves-donato/yves-proj/.dev.vars". Continuing... For more details, refer to https://developers.cloudflare.com/workers/wrangler/system-environment-variables/
---

--- 2024-12-25T23:55:32.733Z debug
.env file not found at "/home/yvesd/Codebases/Yves-donato/yves-proj/.dev.vars". Continuing... For more details, refer to https://developers.cloudflare.com/workers/wrangler/system-environment-variables/
---

--- 2024-12-25T23:55:32.736Z debug
.env file not found at "/home/yvesd/Codebases/Yves-donato/yves-proj/.dev.vars". Continuing... For more details, refer to https://developers.cloudflare.com/workers/wrangler/system-environment-variables/
---

--- 2024-12-25T23:55:32.739Z debug
.env file not found at "/home/yvesd/Codebases/Yves-donato/yves-proj/.dev.vars". Continuing... For more details, refer to https://developers.cloudflare.com/workers/wrangler/system-environment-variables/
---

--- 2024-12-25T23:55:32.742Z debug
.env file not found at "/home/yvesd/Codebases/Yves-donato/yves-proj/.dev.vars". Continuing... For more details, refer to https://developers.cloudflare.com/workers/wrangler/system-environment-variables/
---

--- 2024-12-25T23:55:32.745Z debug
.env file not found at "/home/yvesd/Codebases/Yves-donato/yves-proj/.dev.vars". Continuing... For more details, refer to https://developers.cloudflare.com/workers/wrangler/system-environment-variables/
---

--- 2024-12-25T23:55:32.748Z debug
.env file not found at "/home/yvesd/Codebases/Yves-donato/yves-proj/.dev.vars". Continuing... For more details, refer to https://developers.cloudflare.com/workers/wrangler/system-environment-variables/
---

--- 2024-12-25T23:55:32.750Z debug
.env file not found at "/home/yvesd/Codebases/Yves-donato/yves-proj/.dev.vars". Continuing... For more details, refer to https://developers.cloudflare.com/workers/wrangler/system-environment-variables/
---

--- 2024-12-25T23:55:32.753Z debug
.env file not found at "/home/yvesd/Codebases/Yves-donato/yves-proj/.dev.vars". Continuing... For more details, refer to https://developers.cloudflare.com/workers/wrangler/system-environment-variables/
---

--- 2024-12-25T23:55:32.756Z debug
.env file not found at "/home/yvesd/Codebases/Yves-donato/yves-proj/.dev.vars". Continuing... For more details, refer to https://developers.cloudflare.com/workers/wrangler/system-environment-variables/
---

--- 2024-12-25T23:55:32.764Z debug
.env file not found at "/home/yvesd/Codebases/Yves-donato/yves-proj/.dev.vars". Continuing... For more details, refer to https://developers.cloudflare.com/workers/wrangler/system-environment-variables/
---

--- 2024-12-25T23:55:32.768Z debug
.env file not found at "/home/yvesd/Codebases/Yves-donato/yves-proj/.dev.vars". Continuing... For more details, refer to https://developers.cloudflare.com/workers/wrangler/system-environment-variables/
---

--- 2024-12-25T23:55:32.822Z debug
.env file not found at "/home/yvesd/Codebases/Yves-donato/yves-proj/.dev.vars". Continuing... For more details, refer to https://developers.cloudflare.com/workers/wrangler/system-environment-variables/
---

--- 2024-12-25T23:55:32.826Z debug
.env file not found at "/home/yvesd/Codebases/Yves-donato/yves-proj/.dev.vars". Continuing... For more details, refer to https://developers.cloudflare.com/workers/wrangler/system-environment-variables/
---

--- 2024-12-25T23:55:32.829Z debug
.env file not found at "/home/yvesd/Codebases/Yves-donato/yves-proj/.dev.vars". Continuing... For more details, refer to https://developers.cloudflare.com/workers/wrangler/system-environment-variables/
---

--- 2024-12-25T23:55:32.832Z debug
.env file not found at "/home/yvesd/Codebases/Yves-donato/yves-proj/.dev.vars". Continuing... For more details, refer to https://developers.cloudflare.com/workers/wrangler/system-environment-variables/
---

--- 2024-12-25T23:55:32.840Z debug
.env file not found at "/home/yvesd/Codebases/Yves-donato/yves-proj/.dev.vars". Continuing... For more details, refer to https://developers.cloudflare.com/workers/wrangler/system-environment-variables/
---

--- 2024-12-25T23:55:32.843Z debug
.env file not found at "/home/yvesd/Codebases/Yves-donato/yves-proj/.dev.vars". Continuing... For more details, refer to https://developers.cloudflare.com/workers/wrangler/system-environment-variables/
---

--- 2024-12-25T23:55:32.846Z debug
.env file not found at "/home/yvesd/Codebases/Yves-donato/yves-proj/.dev.vars". Continuing... For more details, refer to https://developers.cloudflare.com/workers/wrangler/system-environment-variables/
---

--- 2024-12-25T23:55:32.849Z debug
.env file not found at "/home/yvesd/Codebases/Yves-donato/yves-proj/.dev.vars". Continuing... For more details, refer to https://developers.cloudflare.com/workers/wrangler/system-environment-variables/
---

--- 2024-12-25T23:55:32.852Z debug
.env file not found at "/home/yvesd/Codebases/Yves-donato/yves-proj/.dev.vars". Continuing... For more details, refer to https://developers.cloudflare.com/workers/wrangler/system-environment-variables/
---

--- 2024-12-25T23:55:32.855Z debug
.env file not found at "/home/yvesd/Codebases/Yves-donato/yves-proj/.dev.vars". Continuing... For more details, refer to https://developers.cloudflare.com/workers/wrangler/system-environment-variables/
---

--- 2024-12-25T23:55:32.858Z debug
.env file not found at "/home/yvesd/Codebases/Yves-donato/yves-proj/.dev.vars". Continuing... For more details, refer to https://developers.cloudflare.com/workers/wrangler/system-environment-variables/
---

--- 2024-12-25T23:55:32.861Z debug
.env file not found at "/home/yvesd/Codebases/Yves-donato/yves-proj/.dev.vars". Continuing... For more details, refer to https://developers.cloudflare.com/workers/wrangler/system-environment-variables/
---

--- 2024-12-25T23:55:32.864Z debug
.env file not found at "/home/yvesd/Codebases/Yves-donato/yves-proj/.dev.vars". Continuing... For more details, refer to https://developers.cloudflare.com/workers/wrangler/system-environment-variables/
---

--- 2024-12-25T23:55:32.867Z debug
.env file not found at "/home/yvesd/Codebases/Yves-donato/yves-proj/.dev.vars". Continuing... For more details, refer to https://developers.cloudflare.com/workers/wrangler/system-environment-variables/
---

--- 2024-12-25T23:55:32.870Z debug
.env file not found at "/home/yvesd/Codebases/Yves-donato/yves-proj/.dev.vars". Continuing... For more details, refer to https://developers.cloudflare.com/workers/wrangler/system-environment-variables/
---

--- 2024-12-25T23:55:32.877Z debug
.env file not found at "/home/yvesd/Codebases/Yves-donato/yves-proj/.dev.vars". Continuing... For more details, refer to https://developers.cloudflare.com/workers/wrangler/system-environment-variables/
---

--- 2024-12-25T23:55:32.880Z debug
.env file not found at "/home/yvesd/Codebases/Yves-donato/yves-proj/.dev.vars". Continuing... For more details, refer to https://developers.cloudflare.com/workers/wrangler/system-environment-variables/
---

--- 2024-12-25T23:55:32.883Z debug
.env file not found at "/home/yvesd/Codebases/Yves-donato/yves-proj/.dev.vars". Continuing... For more details, refer to https://developers.cloudflare.com/workers/wrangler/system-environment-variables/
---

--- 2024-12-25T23:55:32.886Z debug
.env file not found at "/home/yvesd/Codebases/Yves-donato/yves-proj/.dev.vars". Continuing... For more details, refer to https://developers.cloudflare.com/workers/wrangler/system-environment-variables/
---

--- 2024-12-25T23:55:32.889Z debug
.env file not found at "/home/yvesd/Codebases/Yves-donato/yves-proj/.dev.vars". Continuing... For more details, refer to https://developers.cloudflare.com/workers/wrangler/system-environment-variables/
---

--- 2024-12-25T23:55:32.892Z debug
.env file not found at "/home/yvesd/Codebases/Yves-donato/yves-proj/.dev.vars". Continuing... For more details, refer to https://developers.cloudflare.com/workers/wrangler/system-environment-variables/
---

--- 2024-12-25T23:55:32.894Z debug
.env file not found at "/home/yvesd/Codebases/Yves-donato/yves-proj/.dev.vars". Continuing... For more details, refer to https://developers.cloudflare.com/workers/wrangler/system-environment-variables/
---

--- 2024-12-25T23:55:32.897Z debug
.env file not found at "/home/yvesd/Codebases/Yves-donato/yves-proj/.dev.vars". Continuing... For more details, refer to https://developers.cloudflare.com/workers/wrangler/system-environment-variables/
---

--- 2024-12-25T23:55:32.901Z debug
.env file not found at "/home/yvesd/Codebases/Yves-donato/yves-proj/.dev.vars". Continuing... For more details, refer to https://developers.cloudflare.com/workers/wrangler/system-environment-variables/
---

--- 2024-12-25T23:55:32.903Z debug
.env file not found at "/home/yvesd/Codebases/Yves-donato/yves-proj/.dev.vars". Continuing... For more details, refer to https://developers.cloudflare.com/workers/wrangler/system-environment-variables/
---

--- 2024-12-25T23:55:32.934Z debug
.env file not found at "/home/yvesd/Codebases/Yves-donato/yves-proj/.dev.vars". Continuing... For more details, refer to https://developers.cloudflare.com/workers/wrangler/system-environment-variables/
---

--- 2024-12-25T23:55:32.936Z debug
.env file not found at "/home/yvesd/Codebases/Yves-donato/yves-proj/.dev.vars". Continuing... For more details, refer to https://developers.cloudflare.com/workers/wrangler/system-environment-variables/
---

--- 2024-12-25T23:55:32.939Z debug
.env file not found at "/home/yvesd/Codebases/Yves-donato/yves-proj/.dev.vars". Continuing... For more details, refer to https://developers.cloudflare.com/workers/wrangler/system-environment-variables/
---

--- 2024-12-25T23:55:32.942Z debug
.env file not found at "/home/yvesd/Codebases/Yves-donato/yves-proj/.dev.vars". Continuing... For more details, refer to https://developers.cloudflare.com/workers/wrangler/system-environment-variables/
---

--- 2024-12-25T23:55:32.950Z debug
.env file not found at "/home/yvesd/Codebases/Yves-donato/yves-proj/.dev.vars". Continuing... For more details, refer to https://developers.cloudflare.com/workers/wrangler/system-environment-variables/
---

--- 2024-12-25T23:55:32.953Z debug
.env file not found at "/home/yvesd/Codebases/Yves-donato/yves-proj/.dev.vars". Continuing... For more details, refer to https://developers.cloudflare.com/workers/wrangler/system-environment-variables/
---

--- 2024-12-25T23:55:32.956Z debug
.env file not found at "/home/yvesd/Codebases/Yves-donato/yves-proj/.dev.vars". Continuing... For more details, refer to https://developers.cloudflare.com/workers/wrangler/system-environment-variables/
---

--- 2024-12-25T23:55:32.959Z debug
.env file not found at "/home/yvesd/Codebases/Yves-donato/yves-proj/.dev.vars". Continuing... For more details, refer to https://developers.cloudflare.com/workers/wrangler/system-environment-variables/
---

--- 2024-12-25T23:55:32.962Z debug
.env file not found at "/home/yvesd/Codebases/Yves-donato/yves-proj/.dev.vars". Continuing... For more details, refer to https://developers.cloudflare.com/workers/wrangler/system-environment-variables/
---

--- 2024-12-25T23:55:32.965Z debug
.env file not found at "/home/yvesd/Codebases/Yves-donato/yves-proj/.dev.vars". Continuing... For more details, refer to https://developers.cloudflare.com/workers/wrangler/system-environment-variables/
---

--- 2024-12-25T23:55:32.967Z debug
.env file not found at "/home/yvesd/Codebases/Yves-donato/yves-proj/.dev.vars". Continuing... For more details, refer to https://developers.cloudflare.com/workers/wrangler/system-environment-variables/
---

--- 2024-12-25T23:55:32.970Z debug
.env file not found at "/home/yvesd/Codebases/Yves-donato/yves-proj/.dev.vars". Continuing... For more details, refer to https://developers.cloudflare.com/workers/wrangler/system-environment-variables/
---

--- 2024-12-25T23:55:32.973Z debug
.env file not found at "/home/yvesd/Codebases/Yves-donato/yves-proj/.dev.vars". Continuing... For more details, refer to https://developers.cloudflare.com/workers/wrangler/system-environment-variables/
---

--- 2024-12-25T23:55:33.069Z debug
.env file not found at "/home/yvesd/Codebases/Yves-donato/yves-proj/.dev.vars". Continuing... For more details, refer to https://developers.cloudflare.com/workers/wrangler/system-environment-variables/
---

--- 2024-12-25T23:55:33.074Z debug
.env file not found at "/home/yvesd/Codebases/Yves-donato/yves-proj/.dev.vars". Continuing... For more details, refer to https://developers.cloudflare.com/workers/wrangler/system-environment-variables/
---

--- 2024-12-25T23:55:33.089Z debug
.env file not found at "/home/yvesd/Codebases/Yves-donato/yves-proj/.dev.vars". Continuing... For more details, refer to https://developers.cloudflare.com/workers/wrangler/system-environment-variables/
---

--- 2024-12-25T23:55:33.094Z debug
.env file not found at "/home/yvesd/Codebases/Yves-donato/yves-proj/.dev.vars". Continuing... For more details, refer to https://developers.cloudflare.com/workers/wrangler/system-environment-variables/
---

--- 2024-12-25T23:55:33.098Z debug
.env file not found at "/home/yvesd/Codebases/Yves-donato/yves-proj/.dev.vars". Continuing... For more details, refer to https://developers.cloudflare.com/workers/wrangler/system-environment-variables/
---

--- 2024-12-25T23:55:33.103Z debug
.env file not found at "/home/yvesd/Codebases/Yves-donato/yves-proj/.dev.vars". Continuing... For more details, refer to https://developers.cloudflare.com/workers/wrangler/system-environment-variables/
---

--- 2024-12-25T23:55:33.109Z debug
.env file not found at "/home/yvesd/Codebases/Yves-donato/yves-proj/.dev.vars". Continuing... For more details, refer to https://developers.cloudflare.com/workers/wrangler/system-environment-variables/
---

--- 2024-12-25T23:55:33.113Z debug
.env file not found at "/home/yvesd/Codebases/Yves-donato/yves-proj/.dev.vars". Continuing... For more details, refer to https://developers.cloudflare.com/workers/wrangler/system-environment-variables/
---

--- 2024-12-25T23:55:33.118Z debug
.env file not found at "/home/yvesd/Codebases/Yves-donato/yves-proj/.dev.vars". Continuing... For more details, refer to https://developers.cloudflare.com/workers/wrangler/system-environment-variables/
---

--- 2024-12-25T23:55:33.123Z debug
.env file not found at "/home/yvesd/Codebases/Yves-donato/yves-proj/.dev.vars". Continuing... For more details, refer to https://developers.cloudflare.com/workers/wrangler/system-environment-variables/
---

--- 2024-12-25T23:55:33.128Z debug
.env file not found at "/home/yvesd/Codebases/Yves-donato/yves-proj/.dev.vars". Continuing... For more details, refer to https://developers.cloudflare.com/workers/wrangler/system-environment-variables/
---

--- 2024-12-25T23:55:33.134Z debug
.env file not found at "/home/yvesd/Codebases/Yves-donato/yves-proj/.dev.vars". Continuing... For more details, refer to https://developers.cloudflare.com/workers/wrangler/system-environment-variables/
---

--- 2024-12-25T23:55:33.139Z debug
.env file not found at "/home/yvesd/Codebases/Yves-donato/yves-proj/.dev.vars". Continuing... For more details, refer to https://developers.cloudflare.com/workers/wrangler/system-environment-variables/
---

--- 2024-12-25T23:55:33.153Z debug
.env file not found at "/home/yvesd/Codebases/Yves-donato/yves-proj/.dev.vars". Continuing... For more details, refer to https://developers.cloudflare.com/workers/wrangler/system-environment-variables/
---

--- 2024-12-25T23:55:33.159Z debug
.env file not found at "/home/yvesd/Codebases/Yves-donato/yves-proj/.dev.vars". Continuing... For more details, refer to https://developers.cloudflare.com/workers/wrangler/system-environment-variables/
---

--- 2024-12-25T23:55:33.165Z debug
.env file not found at "/home/yvesd/Codebases/Yves-donato/yves-proj/.dev.vars". Continuing... For more details, refer to https://developers.cloudflare.com/workers/wrangler/system-environment-variables/
---

--- 2024-12-25T23:55:33.171Z debug
.env file not found at "/home/yvesd/Codebases/Yves-donato/yves-proj/.dev.vars". Continuing... For more details, refer to https://developers.cloudflare.com/workers/wrangler/system-environment-variables/
---

--- 2024-12-25T23:55:33.176Z debug
.env file not found at "/home/yvesd/Codebases/Yves-donato/yves-proj/.dev.vars". Continuing... For more details, refer to https://developers.cloudflare.com/workers/wrangler/system-environment-variables/
---

--- 2024-12-25T23:55:33.181Z debug
.env file not found at "/home/yvesd/Codebases/Yves-donato/yves-proj/.dev.vars". Continuing... For more details, refer to https://developers.cloudflare.com/workers/wrangler/system-environment-variables/
---

--- 2024-12-25T23:55:33.186Z debug
.env file not found at "/home/yvesd/Codebases/Yves-donato/yves-proj/.dev.vars". Continuing... For more details, refer to https://developers.cloudflare.com/workers/wrangler/system-environment-variables/
---

--- 2024-12-25T23:55:33.193Z debug
.env file not found at "/home/yvesd/Codebases/Yves-donato/yves-proj/.dev.vars". Continuing... For more details, refer to https://developers.cloudflare.com/workers/wrangler/system-environment-variables/
---

--- 2024-12-25T23:55:33.198Z debug
.env file not found at "/home/yvesd/Codebases/Yves-donato/yves-proj/.dev.vars". Continuing... For more details, refer to https://developers.cloudflare.com/workers/wrangler/system-environment-variables/
---

--- 2024-12-25T23:55:33.203Z debug
.env file not found at "/home/yvesd/Codebases/Yves-donato/yves-proj/.dev.vars". Continuing... For more details, refer to https://developers.cloudflare.com/workers/wrangler/system-environment-variables/
---

--- 2024-12-25T23:55:33.208Z debug
.env file not found at "/home/yvesd/Codebases/Yves-donato/yves-proj/.dev.vars". Continuing... For more details, refer to https://developers.cloudflare.com/workers/wrangler/system-environment-variables/
---

--- 2024-12-25T23:55:33.214Z debug
.env file not found at "/home/yvesd/Codebases/Yves-donato/yves-proj/.dev.vars". Continuing... For more details, refer to https://developers.cloudflare.com/workers/wrangler/system-environment-variables/
---

--- 2024-12-25T23:55:33.229Z debug
.env file not found at "/home/yvesd/Codebases/Yves-donato/yves-proj/.dev.vars". Continuing... For more details, refer to https://developers.cloudflare.com/workers/wrangler/system-environment-variables/
---

--- 2024-12-25T23:55:33.235Z debug
.env file not found at "/home/yvesd/Codebases/Yves-donato/yves-proj/.dev.vars". Continuing... For more details, refer to https://developers.cloudflare.com/workers/wrangler/system-environment-variables/
---

--- 2024-12-25T23:55:33.241Z debug
.env file not found at "/home/yvesd/Codebases/Yves-donato/yves-proj/.dev.vars". Continuing... For more details, refer to https://developers.cloudflare.com/workers/wrangler/system-environment-variables/
---

--- 2024-12-25T23:55:33.247Z debug
.env file not found at "/home/yvesd/Codebases/Yves-donato/yves-proj/.dev.vars". Continuing... For more details, refer to https://developers.cloudflare.com/workers/wrangler/system-environment-variables/
---

--- 2024-12-25T23:55:33.252Z debug
.env file not found at "/home/yvesd/Codebases/Yves-donato/yves-proj/.dev.vars". Continuing... For more details, refer to https://developers.cloudflare.com/workers/wrangler/system-environment-variables/
---

--- 2024-12-25T23:55:33.257Z debug
.env file not found at "/home/yvesd/Codebases/Yves-donato/yves-proj/.dev.vars". Continuing... For more details, refer to https://developers.cloudflare.com/workers/wrangler/system-environment-variables/
---

--- 2024-12-25T23:55:33.263Z debug
.env file not found at "/home/yvesd/Codebases/Yves-donato/yves-proj/.dev.vars". Continuing... For more details, refer to https://developers.cloudflare.com/workers/wrangler/system-environment-variables/
---

--- 2024-12-25T23:55:33.270Z debug
.env file not found at "/home/yvesd/Codebases/Yves-donato/yves-proj/.dev.vars". Continuing... For more details, refer to https://developers.cloudflare.com/workers/wrangler/system-environment-variables/
---

--- 2024-12-25T23:55:33.276Z debug
.env file not found at "/home/yvesd/Codebases/Yves-donato/yves-proj/.dev.vars". Continuing... For more details, refer to https://developers.cloudflare.com/workers/wrangler/system-environment-variables/
---

--- 2024-12-25T23:55:33.282Z debug
.env file not found at "/home/yvesd/Codebases/Yves-donato/yves-proj/.dev.vars". Continuing... For more details, refer to https://developers.cloudflare.com/workers/wrangler/system-environment-variables/
---

--- 2024-12-25T23:55:33.287Z debug
.env file not found at "/home/yvesd/Codebases/Yves-donato/yves-proj/.dev.vars". Continuing... For more details, refer to https://developers.cloudflare.com/workers/wrangler/system-environment-variables/
---

--- 2024-12-25T23:55:33.292Z debug
.env file not found at "/home/yvesd/Codebases/Yves-donato/yves-proj/.dev.vars". Continuing... For more details, refer to https://developers.cloudflare.com/workers/wrangler/system-environment-variables/
---

--- 2024-12-25T23:55:33.305Z debug
.env file not found at "/home/yvesd/Codebases/Yves-donato/yves-proj/.dev.vars". Continuing... For more details, refer to https://developers.cloudflare.com/workers/wrangler/system-environment-variables/
---

--- 2024-12-25T23:55:33.311Z debug
.env file not found at "/home/yvesd/Codebases/Yves-donato/yves-proj/.dev.vars". Continuing... For more details, refer to https://developers.cloudflare.com/workers/wrangler/system-environment-variables/
---

--- 2024-12-25T23:55:33.317Z debug
.env file not found at "/home/yvesd/Codebases/Yves-donato/yves-proj/.dev.vars". Continuing... For more details, refer to https://developers.cloudflare.com/workers/wrangler/system-environment-variables/
---

--- 2024-12-25T23:55:33.322Z debug
.env file not found at "/home/yvesd/Codebases/Yves-donato/yves-proj/.dev.vars". Continuing... For more details, refer to https://developers.cloudflare.com/workers/wrangler/system-environment-variables/
---

--- 2024-12-25T23:55:33.429Z debug
.env file not found at "/home/yvesd/Codebases/Yves-donato/yves-proj/.dev.vars". Continuing... For more details, refer to https://developers.cloudflare.com/workers/wrangler/system-environment-variables/
---

--- 2024-12-25T23:55:33.434Z debug
.env file not found at "/home/yvesd/Codebases/Yves-donato/yves-proj/.dev.vars". Continuing... For more details, refer to https://developers.cloudflare.com/workers/wrangler/system-environment-variables/
---

--- 2024-12-25T23:55:33.439Z debug
.env file not found at "/home/yvesd/Codebases/Yves-donato/yves-proj/.dev.vars". Continuing... For more details, refer to https://developers.cloudflare.com/workers/wrangler/system-environment-variables/
---

--- 2024-12-25T23:55:33.444Z debug
.env file not found at "/home/yvesd/Codebases/Yves-donato/yves-proj/.dev.vars". Continuing... For more details, refer to https://developers.cloudflare.com/workers/wrangler/system-environment-variables/
---

--- 2024-12-25T23:55:33.450Z debug
.env file not found at "/home/yvesd/Codebases/Yves-donato/yves-proj/.dev.vars". Continuing... For more details, refer to https://developers.cloudflare.com/workers/wrangler/system-environment-variables/
---

--- 2024-12-25T23:55:33.456Z debug
.env file not found at "/home/yvesd/Codebases/Yves-donato/yves-proj/.dev.vars". Continuing... For more details, refer to https://developers.cloudflare.com/workers/wrangler/system-environment-variables/
---

--- 2024-12-25T23:55:33.462Z debug
.env file not found at "/home/yvesd/Codebases/Yves-donato/yves-proj/.dev.vars". Continuing... For more details, refer to https://developers.cloudflare.com/workers/wrangler/system-environment-variables/
---

--- 2024-12-25T23:55:33.466Z debug
.env file not found at "/home/yvesd/Codebases/Yves-donato/yves-proj/.dev.vars". Continuing... For more details, refer to https://developers.cloudflare.com/workers/wrangler/system-environment-variables/
---

--- 2024-12-25T23:55:33.471Z debug
.env file not found at "/home/yvesd/Codebases/Yves-donato/yves-proj/.dev.vars". Continuing... For more details, refer to https://developers.cloudflare.com/workers/wrangler/system-environment-variables/
---

--- 2024-12-25T23:55:33.477Z debug
.env file not found at "/home/yvesd/Codebases/Yves-donato/yves-proj/.dev.vars". Continuing... For more details, refer to https://developers.cloudflare.com/workers/wrangler/system-environment-variables/
---

--- 2024-12-25T23:55:33.482Z debug
.env file not found at "/home/yvesd/Codebases/Yves-donato/yves-proj/.dev.vars". Continuing... For more details, refer to https://developers.cloudflare.com/workers/wrangler/system-environment-variables/
---

--- 2024-12-25T23:55:33.495Z debug
.env file not found at "/home/yvesd/Codebases/Yves-donato/yves-proj/.dev.vars". Continuing... For more details, refer to https://developers.cloudflare.com/workers/wrangler/system-environment-variables/
---

--- 2024-12-25T23:55:33.500Z debug
.env file not found at "/home/yvesd/Codebases/Yves-donato/yves-proj/.dev.vars". Continuing... For more details, refer to https://developers.cloudflare.com/workers/wrangler/system-environment-variables/
---

--- 2024-12-25T23:55:33.506Z debug
.env file not found at "/home/yvesd/Codebases/Yves-donato/yves-proj/.dev.vars". Continuing... For more details, refer to https://developers.cloudflare.com/workers/wrangler/system-environment-variables/
---

--- 2024-12-25T23:55:33.513Z debug
.env file not found at "/home/yvesd/Codebases/Yves-donato/yves-proj/.dev.vars". Continuing... For more details, refer to https://developers.cloudflare.com/workers/wrangler/system-environment-variables/
---

--- 2024-12-25T23:55:33.519Z debug
.env file not found at "/home/yvesd/Codebases/Yves-donato/yves-proj/.dev.vars". Continuing... For more details, refer to https://developers.cloudflare.com/workers/wrangler/system-environment-variables/
---

--- 2024-12-25T23:55:33.525Z debug
.env file not found at "/home/yvesd/Codebases/Yves-donato/yves-proj/.dev.vars". Continuing... For more details, refer to https://developers.cloudflare.com/workers/wrangler/system-environment-variables/
---

--- 2024-12-25T23:55:33.529Z debug
.env file not found at "/home/yvesd/Codebases/Yves-donato/yves-proj/.dev.vars". Continuing... For more details, refer to https://developers.cloudflare.com/workers/wrangler/system-environment-variables/
---

--- 2024-12-25T23:55:33.534Z debug
.env file not found at "/home/yvesd/Codebases/Yves-donato/yves-proj/.dev.vars". Continuing... For more details, refer to https://developers.cloudflare.com/workers/wrangler/system-environment-variables/
---

--- 2024-12-25T23:55:33.540Z debug
.env file not found at "/home/yvesd/Codebases/Yves-donato/yves-proj/.dev.vars". Continuing... For more details, refer to https://developers.cloudflare.com/workers/wrangler/system-environment-variables/
---

--- 2024-12-25T23:55:33.545Z debug
.env file not found at "/home/yvesd/Codebases/Yves-donato/yves-proj/.dev.vars". Continuing... For more details, refer to https://developers.cloudflare.com/workers/wrangler/system-environment-variables/
---

--- 2024-12-25T23:55:33.550Z debug
.env file not found at "/home/yvesd/Codebases/Yves-donato/yves-proj/.dev.vars". Continuing... For more details, refer to https://developers.cloudflare.com/workers/wrangler/system-environment-variables/
---

--- 2024-12-25T23:55:33.555Z debug
.env file not found at "/home/yvesd/Codebases/Yves-donato/yves-proj/.dev.vars". Continuing... For more details, refer to https://developers.cloudflare.com/workers/wrangler/system-environment-variables/
---

--- 2024-12-25T23:55:33.568Z debug
.env file not found at "/home/yvesd/Codebases/Yves-donato/yves-proj/.dev.vars". Continuing... For more details, refer to https://developers.cloudflare.com/workers/wrangler/system-environment-variables/
---

--- 2024-12-25T23:55:33.575Z debug
.env file not found at "/home/yvesd/Codebases/Yves-donato/yves-proj/.dev.vars". Continuing... For more details, refer to https://developers.cloudflare.com/workers/wrangler/system-environment-variables/
---

--- 2024-12-25T23:55:33.580Z debug
.env file not found at "/home/yvesd/Codebases/Yves-donato/yves-proj/.dev.vars". Continuing... For more details, refer to https://developers.cloudflare.com/workers/wrangler/system-environment-variables/
---

--- 2024-12-25T23:55:33.585Z debug
.env file not found at "/home/yvesd/Codebases/Yves-donato/yves-proj/.dev.vars". Continuing... For more details, refer to https://developers.cloudflare.com/workers/wrangler/system-environment-variables/
---

--- 2024-12-25T23:55:33.591Z debug
.env file not found at "/home/yvesd/Codebases/Yves-donato/yves-proj/.dev.vars". Continuing... For more details, refer to https://developers.cloudflare.com/workers/wrangler/system-environment-variables/
---

--- 2024-12-25T23:55:33.596Z debug
.env file not found at "/home/yvesd/Codebases/Yves-donato/yves-proj/.dev.vars". Continuing... For more details, refer to https://developers.cloudflare.com/workers/wrangler/system-environment-variables/
---

--- 2024-12-25T23:55:33.603Z debug
.env file not found at "/home/yvesd/Codebases/Yves-donato/yves-proj/.dev.vars". Continuing... For more details, refer to https://developers.cloudflare.com/workers/wrangler/system-environment-variables/
---

--- 2024-12-25T23:55:33.607Z debug
.env file not found at "/home/yvesd/Codebases/Yves-donato/yves-proj/.dev.vars". Continuing... For more details, refer to https://developers.cloudflare.com/workers/wrangler/system-environment-variables/
---

--- 2024-12-25T23:55:33.610Z debug
.env file not found at "/home/yvesd/Codebases/Yves-donato/yves-proj/.dev.vars". Continuing... For more details, refer to https://developers.cloudflare.com/workers/wrangler/system-environment-variables/
---

--- 2024-12-25T23:55:33.615Z debug
.env file not found at "/home/yvesd/Codebases/Yves-donato/yves-proj/.dev.vars". Continuing... For more details, refer to https://developers.cloudflare.com/workers/wrangler/system-environment-variables/
---

--- 2024-12-25T23:55:33.618Z debug
.env file not found at "/home/yvesd/Codebases/Yves-donato/yves-proj/.dev.vars". Continuing... For more details, refer to https://developers.cloudflare.com/workers/wrangler/system-environment-variables/
---

--- 2024-12-25T23:55:33.708Z debug
.env file not found at "/home/yvesd/Codebases/Yves-donato/yves-proj/.dev.vars". Continuing... For more details, refer to https://developers.cloudflare.com/workers/wrangler/system-environment-variables/
---

--- 2024-12-25T23:55:33.711Z debug
.env file not found at "/home/yvesd/Codebases/Yves-donato/yves-proj/.dev.vars". Continuing... For more details, refer to https://developers.cloudflare.com/workers/wrangler/system-environment-variables/
---

--- 2024-12-25T23:55:33.714Z debug
.env file not found at "/home/yvesd/Codebases/Yves-donato/yves-proj/.dev.vars". Continuing... For more details, refer to https://developers.cloudflare.com/workers/wrangler/system-environment-variables/
---

--- 2024-12-25T23:55:33.717Z debug
.env file not found at "/home/yvesd/Codebases/Yves-donato/yves-proj/.dev.vars". Continuing... For more details, refer to https://developers.cloudflare.com/workers/wrangler/system-environment-variables/
---

--- 2024-12-25T23:55:33.721Z debug
.env file not found at "/home/yvesd/Codebases/Yves-donato/yves-proj/.dev.vars". Continuing... For more details, refer to https://developers.cloudflare.com/workers/wrangler/system-environment-variables/
---

--- 2024-12-25T23:55:33.723Z debug
.env file not found at "/home/yvesd/Codebases/Yves-donato/yves-proj/.dev.vars". Continuing... For more details, refer to https://developers.cloudflare.com/workers/wrangler/system-environment-variables/
---

--- 2024-12-25T23:55:33.726Z debug
.env file not found at "/home/yvesd/Codebases/Yves-donato/yves-proj/.dev.vars". Continuing... For more details, refer to https://developers.cloudflare.com/workers/wrangler/system-environment-variables/
---

--- 2024-12-25T23:55:33.730Z debug
.env file not found at "/home/yvesd/Codebases/Yves-donato/yves-proj/.dev.vars". Continuing... For more details, refer to https://developers.cloudflare.com/workers/wrangler/system-environment-variables/
---

--- 2024-12-25T23:55:33.733Z debug
.env file not found at "/home/yvesd/Codebases/Yves-donato/yves-proj/.dev.vars". Continuing... For more details, refer to https://developers.cloudflare.com/workers/wrangler/system-environment-variables/
---

--- 2024-12-25T23:55:33.741Z debug
.env file not found at "/home/yvesd/Codebases/Yves-donato/yves-proj/.dev.vars". Continuing... For more details, refer to https://developers.cloudflare.com/workers/wrangler/system-environment-variables/
---

--- 2024-12-25T23:55:33.744Z debug
.env file not found at "/home/yvesd/Codebases/Yves-donato/yves-proj/.dev.vars". Continuing... For more details, refer to https://developers.cloudflare.com/workers/wrangler/system-environment-variables/
---

--- 2024-12-25T23:55:33.747Z debug
.env file not found at "/home/yvesd/Codebases/Yves-donato/yves-proj/.dev.vars". Continuing... For more details, refer to https://developers.cloudflare.com/workers/wrangler/system-environment-variables/
---

--- 2024-12-25T23:55:33.750Z debug
.env file not found at "/home/yvesd/Codebases/Yves-donato/yves-proj/.dev.vars". Continuing... For more details, refer to https://developers.cloudflare.com/workers/wrangler/system-environment-variables/
---

--- 2024-12-25T23:55:33.753Z debug
.env file not found at "/home/yvesd/Codebases/Yves-donato/yves-proj/.dev.vars". Continuing... For more details, refer to https://developers.cloudflare.com/workers/wrangler/system-environment-variables/
---

--- 2024-12-25T23:55:33.756Z debug
.env file not found at "/home/yvesd/Codebases/Yves-donato/yves-proj/.dev.vars". Continuing... For more details, refer to https://developers.cloudflare.com/workers/wrangler/system-environment-variables/
---

--- 2024-12-25T23:55:33.758Z debug
.env file not found at "/home/yvesd/Codebases/Yves-donato/yves-proj/.dev.vars". Continuing... For more details, refer to https://developers.cloudflare.com/workers/wrangler/system-environment-variables/
---

--- 2024-12-25T23:55:33.761Z debug
.env file not found at "/home/yvesd/Codebases/Yves-donato/yves-proj/.dev.vars". Continuing... For more details, refer to https://developers.cloudflare.com/workers/wrangler/system-environment-variables/
---

--- 2024-12-25T23:55:33.764Z debug
.env file not found at "/home/yvesd/Codebases/Yves-donato/yves-proj/.dev.vars". Continuing... For more details, refer to https://developers.cloudflare.com/workers/wrangler/system-environment-variables/
---

--- 2024-12-25T23:55:33.768Z debug
.env file not found at "/home/yvesd/Codebases/Yves-donato/yves-proj/.dev.vars". Continuing... For more details, refer to https://developers.cloudflare.com/workers/wrangler/system-environment-variables/
---

--- 2024-12-25T23:55:33.771Z debug
.env file not found at "/home/yvesd/Codebases/Yves-donato/yves-proj/.dev.vars". Continuing... For more details, refer to https://developers.cloudflare.com/workers/wrangler/system-environment-variables/
---

--- 2024-12-25T23:55:33.774Z debug
.env file not found at "/home/yvesd/Codebases/Yves-donato/yves-proj/.dev.vars". Continuing... For more details, refer to https://developers.cloudflare.com/workers/wrangler/system-environment-variables/
---

--- 2024-12-25T23:55:33.783Z debug
.env file not found at "/home/yvesd/Codebases/Yves-donato/yves-proj/.dev.vars". Continuing... For more details, refer to https://developers.cloudflare.com/workers/wrangler/system-environment-variables/
---

--- 2024-12-25T23:55:33.787Z debug
.env file not found at "/home/yvesd/Codebases/Yves-donato/yves-proj/.dev.vars". Continuing... For more details, refer to https://developers.cloudflare.com/workers/wrangler/system-environment-variables/
---

--- 2024-12-25T23:55:33.791Z debug
.env file not found at "/home/yvesd/Codebases/Yves-donato/yves-proj/.dev.vars". Continuing... For more details, refer to https://developers.cloudflare.com/workers/wrangler/system-environment-variables/
---

--- 2024-12-25T23:55:33.795Z debug
.env file not found at "/home/yvesd/Codebases/Yves-donato/yves-proj/.dev.vars". Continuing... For more details, refer to https://developers.cloudflare.com/workers/wrangler/system-environment-variables/
---

--- 2024-12-25T23:55:33.799Z debug
.env file not found at "/home/yvesd/Codebases/Yves-donato/yves-proj/.dev.vars". Continuing... For more details, refer to https://developers.cloudflare.com/workers/wrangler/system-environment-variables/
---

--- 2024-12-25T23:55:33.802Z debug
.env file not found at "/home/yvesd/Codebases/Yves-donato/yves-proj/.dev.vars". Continuing... For more details, refer to https://developers.cloudflare.com/workers/wrangler/system-environment-variables/
---

--- 2024-12-25T23:55:33.806Z debug
.env file not found at "/home/yvesd/Codebases/Yves-donato/yves-proj/.dev.vars". Continuing... For more details, refer to https://developers.cloudflare.com/workers/wrangler/system-environment-variables/
---

--- 2024-12-25T23:55:33.810Z debug
.env file not found at "/home/yvesd/Codebases/Yves-donato/yves-proj/.dev.vars". Continuing... For more details, refer to https://developers.cloudflare.com/workers/wrangler/system-environment-variables/
---

--- 2024-12-25T23:55:33.814Z debug
.env file not found at "/home/yvesd/Codebases/Yves-donato/yves-proj/.dev.vars". Continuing... For more details, refer to https://developers.cloudflare.com/workers/wrangler/system-environment-variables/
---

--- 2024-12-25T23:55:33.818Z debug
.env file not found at "/home/yvesd/Codebases/Yves-donato/yves-proj/.dev.vars". Continuing... For more details, refer to https://developers.cloudflare.com/workers/wrangler/system-environment-variables/
---

--- 2024-12-25T23:55:33.822Z debug
.env file not found at "/home/yvesd/Codebases/Yves-donato/yves-proj/.dev.vars". Continuing... For more details, refer to https://developers.cloudflare.com/workers/wrangler/system-environment-variables/
---

--- 2024-12-25T23:55:33.825Z debug
.env file not found at "/home/yvesd/Codebases/Yves-donato/yves-proj/.dev.vars". Continuing... For more details, refer to https://developers.cloudflare.com/workers/wrangler/system-environment-variables/
---

--- 2024-12-25T23:55:33.835Z debug
.env file not found at "/home/yvesd/Codebases/Yves-donato/yves-proj/.dev.vars". Continuing... For more details, refer to https://developers.cloudflare.com/workers/wrangler/system-environment-variables/
---

--- 2024-12-25T23:55:33.840Z debug
.env file not found at "/home/yvesd/Codebases/Yves-donato/yves-proj/.dev.vars". Continuing... For more details, refer to https://developers.cloudflare.com/workers/wrangler/system-environment-variables/
---

--- 2024-12-25T23:55:33.845Z debug
.env file not found at "/home/yvesd/Codebases/Yves-donato/yves-proj/.dev.vars". Continuing... For more details, refer to https://developers.cloudflare.com/workers/wrangler/system-environment-variables/
---

--- 2024-12-25T23:55:33.849Z debug
.env file not found at "/home/yvesd/Codebases/Yves-donato/yves-proj/.dev.vars". Continuing... For more details, refer to https://developers.cloudflare.com/workers/wrangler/system-environment-variables/
---

--- 2024-12-25T23:55:33.852Z debug
.env file not found at "/home/yvesd/Codebases/Yves-donato/yves-proj/.dev.vars". Continuing... For more details, refer to https://developers.cloudflare.com/workers/wrangler/system-environment-variables/
---

--- 2024-12-25T23:55:33.856Z debug
.env file not found at "/home/yvesd/Codebases/Yves-donato/yves-proj/.dev.vars". Continuing... For more details, refer to https://developers.cloudflare.com/workers/wrangler/system-environment-variables/
---

--- 2024-12-25T23:55:33.860Z debug
.env file not found at "/home/yvesd/Codebases/Yves-donato/yves-proj/.dev.vars". Continuing... For more details, refer to https://developers.cloudflare.com/workers/wrangler/system-environment-variables/
---

--- 2024-12-25T23:55:33.863Z debug
.env file not found at "/home/yvesd/Codebases/Yves-donato/yves-proj/.dev.vars". Continuing... For more details, refer to https://developers.cloudflare.com/workers/wrangler/system-environment-variables/
---

--- 2024-12-25T23:55:33.867Z debug
.env file not found at "/home/yvesd/Codebases/Yves-donato/yves-proj/.dev.vars". Continuing... For more details, refer to https://developers.cloudflare.com/workers/wrangler/system-environment-variables/
---

--- 2024-12-25T23:55:33.871Z debug
.env file not found at "/home/yvesd/Codebases/Yves-donato/yves-proj/.dev.vars". Continuing... For more details, refer to https://developers.cloudflare.com/workers/wrangler/system-environment-variables/
---

--- 2024-12-25T23:55:33.875Z debug
.env file not found at "/home/yvesd/Codebases/Yves-donato/yves-proj/.dev.vars". Continuing... For more details, refer to https://developers.cloudflare.com/workers/wrangler/system-environment-variables/
---

--- 2024-12-25T23:55:33.884Z debug
.env file not found at "/home/yvesd/Codebases/Yves-donato/yves-proj/.dev.vars". Continuing... For more details, refer to https://developers.cloudflare.com/workers/wrangler/system-environment-variables/
---

--- 2024-12-25T23:55:33.889Z debug
.env file not found at "/home/yvesd/Codebases/Yves-donato/yves-proj/.dev.vars". Continuing... For more details, refer to https://developers.cloudflare.com/workers/wrangler/system-environment-variables/
---

--- 2024-12-25T23:55:33.893Z debug
.env file not found at "/home/yvesd/Codebases/Yves-donato/yves-proj/.dev.vars". Continuing... For more details, refer to https://developers.cloudflare.com/workers/wrangler/system-environment-variables/
---

--- 2024-12-25T23:55:34.038Z debug
.env file not found at "/home/yvesd/Codebases/Yves-donato/yves-proj/.dev.vars". Continuing... For more details, refer to https://developers.cloudflare.com/workers/wrangler/system-environment-variables/
---

--- 2024-12-25T23:55:34.041Z debug
.env file not found at "/home/yvesd/Codebases/Yves-donato/yves-proj/.dev.vars". Continuing... For more details, refer to https://developers.cloudflare.com/workers/wrangler/system-environment-variables/
---

--- 2024-12-25T23:55:34.046Z debug
.env file not found at "/home/yvesd/Codebases/Yves-donato/yves-proj/.dev.vars". Continuing... For more details, refer to https://developers.cloudflare.com/workers/wrangler/system-environment-variables/
---

--- 2024-12-25T23:55:34.049Z debug
.env file not found at "/home/yvesd/Codebases/Yves-donato/yves-proj/.dev.vars". Continuing... For more details, refer to https://developers.cloudflare.com/workers/wrangler/system-environment-variables/
---

--- 2024-12-25T23:55:34.053Z debug
.env file not found at "/home/yvesd/Codebases/Yves-donato/yves-proj/.dev.vars". Continuing... For more details, refer to https://developers.cloudflare.com/workers/wrangler/system-environment-variables/
---

--- 2024-12-25T23:55:34.057Z debug
.env file not found at "/home/yvesd/Codebases/Yves-donato/yves-proj/.dev.vars". Continuing... For more details, refer to https://developers.cloudflare.com/workers/wrangler/system-environment-variables/
---

--- 2024-12-25T23:55:34.061Z debug
.env file not found at "/home/yvesd/Codebases/Yves-donato/yves-proj/.dev.vars". Continuing... For more details, refer to https://developers.cloudflare.com/workers/wrangler/system-environment-variables/
---

--- 2024-12-25T23:55:34.065Z debug
.env file not found at "/home/yvesd/Codebases/Yves-donato/yves-proj/.dev.vars". Continuing... For more details, refer to https://developers.cloudflare.com/workers/wrangler/system-environment-variables/
---

--- 2024-12-25T23:55:34.069Z debug
.env file not found at "/home/yvesd/Codebases/Yves-donato/yves-proj/.dev.vars". Continuing... For more details, refer to https://developers.cloudflare.com/workers/wrangler/system-environment-variables/
---

--- 2024-12-25T23:55:34.074Z debug
.env file not found at "/home/yvesd/Codebases/Yves-donato/yves-proj/.dev.vars". Continuing... For more details, refer to https://developers.cloudflare.com/workers/wrangler/system-environment-variables/
---

--- 2024-12-25T23:55:34.077Z debug
.env file not found at "/home/yvesd/Codebases/Yves-donato/yves-proj/.dev.vars". Continuing... For more details, refer to https://developers.cloudflare.com/workers/wrangler/system-environment-variables/
---

--- 2024-12-25T23:55:34.087Z debug
.env file not found at "/home/yvesd/Codebases/Yves-donato/yves-proj/.dev.vars". Continuing... For more details, refer to https://developers.cloudflare.com/workers/wrangler/system-environment-variables/
---

--- 2024-12-25T23:55:34.091Z debug
.env file not found at "/home/yvesd/Codebases/Yves-donato/yves-proj/.dev.vars". Continuing... For more details, refer to https://developers.cloudflare.com/workers/wrangler/system-environment-variables/
---

--- 2024-12-25T23:55:34.095Z debug
.env file not found at "/home/yvesd/Codebases/Yves-donato/yves-proj/.dev.vars". Continuing... For more details, refer to https://developers.cloudflare.com/workers/wrangler/system-environment-variables/
---

--- 2024-12-25T23:55:34.099Z debug
.env file not found at "/home/yvesd/Codebases/Yves-donato/yves-proj/.dev.vars". Continuing... For more details, refer to https://developers.cloudflare.com/workers/wrangler/system-environment-variables/
---

--- 2024-12-25T23:55:34.103Z debug
.env file not found at "/home/yvesd/Codebases/Yves-donato/yves-proj/.dev.vars". Continuing... For more details, refer to https://developers.cloudflare.com/workers/wrangler/system-environment-variables/
---

--- 2024-12-25T23:55:34.108Z debug
.env file not found at "/home/yvesd/Codebases/Yves-donato/yves-proj/.dev.vars". Continuing... For more details, refer to https://developers.cloudflare.com/workers/wrangler/system-environment-variables/
---

--- 2024-12-25T23:55:34.112Z debug
.env file not found at "/home/yvesd/Codebases/Yves-donato/yves-proj/.dev.vars". Continuing... For more details, refer to https://developers.cloudflare.com/workers/wrangler/system-environment-variables/
---

--- 2024-12-25T23:55:34.116Z debug
.env file not found at "/home/yvesd/Codebases/Yves-donato/yves-proj/.dev.vars". Continuing... For more details, refer to https://developers.cloudflare.com/workers/wrangler/system-environment-variables/
---

--- 2024-12-25T23:55:34.119Z debug
.env file not found at "/home/yvesd/Codebases/Yves-donato/yves-proj/.dev.vars". Continuing... For more details, refer to https://developers.cloudflare.com/workers/wrangler/system-environment-variables/
---

--- 2024-12-25T23:55:34.123Z debug
.env file not found at "/home/yvesd/Codebases/Yves-donato/yves-proj/.dev.vars". Continuing... For more details, refer to https://developers.cloudflare.com/workers/wrangler/system-environment-variables/
---

--- 2024-12-25T23:55:34.127Z debug
.env file not found at "/home/yvesd/Codebases/Yves-donato/yves-proj/.dev.vars". Continuing... For more details, refer to https://developers.cloudflare.com/workers/wrangler/system-environment-variables/
---

--- 2024-12-25T23:55:34.136Z debug
.env file not found at "/home/yvesd/Codebases/Yves-donato/yves-proj/.dev.vars". Continuing... For more details, refer to https://developers.cloudflare.com/workers/wrangler/system-environment-variables/
---

--- 2024-12-25T23:55:34.140Z debug
.env file not found at "/home/yvesd/Codebases/Yves-donato/yves-proj/.dev.vars". Continuing... For more details, refer to https://developers.cloudflare.com/workers/wrangler/system-environment-variables/
---

--- 2024-12-25T23:55:34.144Z debug
.env file not found at "/home/yvesd/Codebases/Yves-donato/yves-proj/.dev.vars". Continuing... For more details, refer to https://developers.cloudflare.com/workers/wrangler/system-environment-variables/
---

--- 2024-12-25T23:55:34.148Z debug
.env file not found at "/home/yvesd/Codebases/Yves-donato/yves-proj/.dev.vars". Continuing... For more details, refer to https://developers.cloudflare.com/workers/wrangler/system-environment-variables/
---

--- 2024-12-25T23:55:34.152Z debug
.env file not found at "/home/yvesd/Codebases/Yves-donato/yves-proj/.dev.vars". Continuing... For more details, refer to https://developers.cloudflare.com/workers/wrangler/system-environment-variables/
---

--- 2024-12-25T23:55:34.157Z debug
.env file not found at "/home/yvesd/Codebases/Yves-donato/yves-proj/.dev.vars". Continuing... For more details, refer to https://developers.cloudflare.com/workers/wrangler/system-environment-variables/
---

--- 2024-12-25T23:55:34.160Z debug
.env file not found at "/home/yvesd/Codebases/Yves-donato/yves-proj/.dev.vars". Continuing... For more details, refer to https://developers.cloudflare.com/workers/wrangler/system-environment-variables/
---

--- 2024-12-25T23:55:34.165Z debug
.env file not found at "/home/yvesd/Codebases/Yves-donato/yves-proj/.dev.vars". Continuing... For more details, refer to https://developers.cloudflare.com/workers/wrangler/system-environment-variables/
---

--- 2024-12-25T23:55:34.169Z debug
.env file not found at "/home/yvesd/Codebases/Yves-donato/yves-proj/.dev.vars". Continuing... For more details, refer to https://developers.cloudflare.com/workers/wrangler/system-environment-variables/
---

--- 2024-12-25T23:55:34.173Z debug
.env file not found at "/home/yvesd/Codebases/Yves-donato/yves-proj/.dev.vars". Continuing... For more details, refer to https://developers.cloudflare.com/workers/wrangler/system-environment-variables/
---

--- 2024-12-25T23:55:34.178Z debug
.env file not found at "/home/yvesd/Codebases/Yves-donato/yves-proj/.dev.vars". Continuing... For more details, refer to https://developers.cloudflare.com/workers/wrangler/system-environment-variables/
---

--- 2024-12-25T23:55:34.182Z debug
.env file not found at "/home/yvesd/Codebases/Yves-donato/yves-proj/.dev.vars". Continuing... For more details, refer to https://developers.cloudflare.com/workers/wrangler/system-environment-variables/
---

--- 2024-12-25T23:55:34.192Z debug
.env file not found at "/home/yvesd/Codebases/Yves-donato/yves-proj/.dev.vars". Continuing... For more details, refer to https://developers.cloudflare.com/workers/wrangler/system-environment-variables/
---

--- 2024-12-25T23:55:34.195Z debug
.env file not found at "/home/yvesd/Codebases/Yves-donato/yves-proj/.dev.vars". Continuing... For more details, refer to https://developers.cloudflare.com/workers/wrangler/system-environment-variables/
---

--- 2024-12-25T23:55:34.200Z debug
.env file not found at "/home/yvesd/Codebases/Yves-donato/yves-proj/.dev.vars". Continuing... For more details, refer to https://developers.cloudflare.com/workers/wrangler/system-environment-variables/
---

--- 2024-12-25T23:55:34.204Z debug
.env file not found at "/home/yvesd/Codebases/Yves-donato/yves-proj/.dev.vars". Continuing... For more details, refer to https://developers.cloudflare.com/workers/wrangler/system-environment-variables/
---

--- 2024-12-25T23:55:34.208Z debug
.env file not found at "/home/yvesd/Codebases/Yves-donato/yves-proj/.dev.vars". Continuing... For more details, refer to https://developers.cloudflare.com/workers/wrangler/system-environment-variables/
---

--- 2024-12-25T23:55:34.213Z debug
.env file not found at "/home/yvesd/Codebases/Yves-donato/yves-proj/.dev.vars". Continuing... For more details, refer to https://developers.cloudflare.com/workers/wrangler/system-environment-variables/
---

--- 2024-12-25T23:55:34.218Z debug
.env file not found at "/home/yvesd/Codebases/Yves-donato/yves-proj/.dev.vars". Continuing... For more details, refer to https://developers.cloudflare.com/workers/wrangler/system-environment-variables/
---

--- 2024-12-25T23:55:34.222Z debug
.env file not found at "/home/yvesd/Codebases/Yves-donato/yves-proj/.dev.vars". Continuing... For more details, refer to https://developers.cloudflare.com/workers/wrangler/system-environment-variables/
---

--- 2024-12-25T23:55:34.226Z debug
.env file not found at "/home/yvesd/Codebases/Yves-donato/yves-proj/.dev.vars". Continuing... For more details, refer to https://developers.cloudflare.com/workers/wrangler/system-environment-variables/
---

--- 2024-12-25T23:55:34.231Z debug
.env file not found at "/home/yvesd/Codebases/Yves-donato/yves-proj/.dev.vars". Continuing... For more details, refer to https://developers.cloudflare.com/workers/wrangler/system-environment-variables/
---

--- 2024-12-25T23:55:34.235Z debug
.env file not found at "/home/yvesd/Codebases/Yves-donato/yves-proj/.dev.vars". Continuing... For more details, refer to https://developers.cloudflare.com/workers/wrangler/system-environment-variables/
---

--- 2024-12-25T23:55:34.239Z debug
.env file not found at "/home/yvesd/Codebases/Yves-donato/yves-proj/.dev.vars". Continuing... For more details, refer to https://developers.cloudflare.com/workers/wrangler/system-environment-variables/
---

--- 2024-12-25T23:55:34.248Z debug
.env file not found at "/home/yvesd/Codebases/Yves-donato/yves-proj/.dev.vars". Continuing... For more details, refer to https://developers.cloudflare.com/workers/wrangler/system-environment-variables/
---

--- 2024-12-25T23:55:34.251Z debug
.env file not found at "/home/yvesd/Codebases/Yves-donato/yves-proj/.dev.vars". Continuing... For more details, refer to https://developers.cloudflare.com/workers/wrangler/system-environment-variables/
---

--- 2024-12-25T23:55:34.255Z debug
.env file not found at "/home/yvesd/Codebases/Yves-donato/yves-proj/.dev.vars". Continuing... For more details, refer to https://developers.cloudflare.com/workers/wrangler/system-environment-variables/
---

--- 2024-12-25T23:55:34.258Z debug
.env file not found at "/home/yvesd/Codebases/Yves-donato/yves-proj/.dev.vars". Continuing... For more details, refer to https://developers.cloudflare.com/workers/wrangler/system-environment-variables/
---

--- 2024-12-25T23:55:34.262Z debug
.env file not found at "/home/yvesd/Codebases/Yves-donato/yves-proj/.dev.vars". Continuing... For more details, refer to https://developers.cloudflare.com/workers/wrangler/system-environment-variables/
---

--- 2024-12-25T23:55:34.265Z debug
.env file not found at "/home/yvesd/Codebases/Yves-donato/yves-proj/.dev.vars". Continuing... For more details, refer to https://developers.cloudflare.com/workers/wrangler/system-environment-variables/
---

--- 2024-12-25T23:55:34.269Z debug
.env file not found at "/home/yvesd/Codebases/Yves-donato/yves-proj/.dev.vars". Continuing... For more details, refer to https://developers.cloudflare.com/workers/wrangler/system-environment-variables/
---

--- 2024-12-25T23:55:34.273Z debug
.env file not found at "/home/yvesd/Codebases/Yves-donato/yves-proj/.dev.vars". Continuing... For more details, refer to https://developers.cloudflare.com/workers/wrangler/system-environment-variables/
---

--- 2024-12-25T23:55:34.277Z debug
.env file not found at "/home/yvesd/Codebases/Yves-donato/yves-proj/.dev.vars". Continuing... For more details, refer to https://developers.cloudflare.com/workers/wrangler/system-environment-variables/
---

--- 2024-12-25T23:55:34.280Z debug
.env file not found at "/home/yvesd/Codebases/Yves-donato/yves-proj/.dev.vars". Continuing... For more details, refer to https://developers.cloudflare.com/workers/wrangler/system-environment-variables/
---

--- 2024-12-25T23:55:34.284Z debug
.env file not found at "/home/yvesd/Codebases/Yves-donato/yves-proj/.dev.vars". Continuing... For more details, refer to https://developers.cloudflare.com/workers/wrangler/system-environment-variables/
---

--- 2024-12-25T23:55:34.293Z debug
.env file not found at "/home/yvesd/Codebases/Yves-donato/yves-proj/.dev.vars". Continuing... For more details, refer to https://developers.cloudflare.com/workers/wrangler/system-environment-variables/
---

--- 2024-12-25T23:55:34.297Z debug
.env file not found at "/home/yvesd/Codebases/Yves-donato/yves-proj/.dev.vars". Continuing... For more details, refer to https://developers.cloudflare.com/workers/wrangler/system-environment-variables/
---

--- 2024-12-25T23:55:34.300Z debug
.env file not found at "/home/yvesd/Codebases/Yves-donato/yves-proj/.dev.vars". Continuing... For more details, refer to https://developers.cloudflare.com/workers/wrangler/system-environment-variables/
---

--- 2024-12-25T23:55:34.304Z debug
.env file not found at "/home/yvesd/Codebases/Yves-donato/yves-proj/.dev.vars". Continuing... For more details, refer to https://developers.cloudflare.com/workers/wrangler/system-environment-variables/
---

--- 2024-12-25T23:55:34.308Z debug
.env file not found at "/home/yvesd/Codebases/Yves-donato/yves-proj/.dev.vars". Continuing... For more details, refer to https://developers.cloudflare.com/workers/wrangler/system-environment-variables/
---

--- 2024-12-25T23:55:34.442Z debug
.env file not found at "/home/yvesd/Codebases/Yves-donato/yves-proj/.dev.vars". Continuing... For more details, refer to https://developers.cloudflare.com/workers/wrangler/system-environment-variables/
---

--- 2024-12-25T23:55:34.445Z debug
.env file not found at "/home/yvesd/Codebases/Yves-donato/yves-proj/.dev.vars". Continuing... For more details, refer to https://developers.cloudflare.com/workers/wrangler/system-environment-variables/
---

--- 2024-12-25T23:55:34.448Z debug
.env file not found at "/home/yvesd/Codebases/Yves-donato/yves-proj/.dev.vars". Continuing... For more details, refer to https://developers.cloudflare.com/workers/wrangler/system-environment-variables/
---

--- 2024-12-25T23:55:34.451Z debug
.env file not found at "/home/yvesd/Codebases/Yves-donato/yves-proj/.dev.vars". Continuing... For more details, refer to https://developers.cloudflare.com/workers/wrangler/system-environment-variables/
---

--- 2024-12-25T23:55:34.454Z debug
.env file not found at "/home/yvesd/Codebases/Yves-donato/yves-proj/.dev.vars". Continuing... For more details, refer to https://developers.cloudflare.com/workers/wrangler/system-environment-variables/
---

--- 2024-12-25T23:55:34.457Z debug
.env file not found at "/home/yvesd/Codebases/Yves-donato/yves-proj/.dev.vars". Continuing... For more details, refer to https://developers.cloudflare.com/workers/wrangler/system-environment-variables/
---

--- 2024-12-25T23:55:34.467Z debug
.env file not found at "/home/yvesd/Codebases/Yves-donato/yves-proj/.dev.vars". Continuing... For more details, refer to https://developers.cloudflare.com/workers/wrangler/system-environment-variables/
---

--- 2024-12-25T23:55:34.471Z debug
.env file not found at "/home/yvesd/Codebases/Yves-donato/yves-proj/.dev.vars". Continuing... For more details, refer to https://developers.cloudflare.com/workers/wrangler/system-environment-variables/
---

--- 2024-12-25T23:55:34.474Z debug
.env file not found at "/home/yvesd/Codebases/Yves-donato/yves-proj/.dev.vars". Continuing... For more details, refer to https://developers.cloudflare.com/workers/wrangler/system-environment-variables/
---

--- 2024-12-25T23:55:34.477Z debug
.env file not found at "/home/yvesd/Codebases/Yves-donato/yves-proj/.dev.vars". Continuing... For more details, refer to https://developers.cloudflare.com/workers/wrangler/system-environment-variables/
---

--- 2024-12-25T23:55:34.481Z debug
.env file not found at "/home/yvesd/Codebases/Yves-donato/yves-proj/.dev.vars". Continuing... For more details, refer to https://developers.cloudflare.com/workers/wrangler/system-environment-variables/
---

--- 2024-12-25T23:55:34.484Z debug
.env file not found at "/home/yvesd/Codebases/Yves-donato/yves-proj/.dev.vars". Continuing... For more details, refer to https://developers.cloudflare.com/workers/wrangler/system-environment-variables/
---

--- 2024-12-25T23:55:34.488Z debug
.env file not found at "/home/yvesd/Codebases/Yves-donato/yves-proj/.dev.vars". Continuing... For more details, refer to https://developers.cloudflare.com/workers/wrangler/system-environment-variables/
---

--- 2024-12-25T23:55:34.492Z debug
.env file not found at "/home/yvesd/Codebases/Yves-donato/yves-proj/.dev.vars". Continuing... For more details, refer to https://developers.cloudflare.com/workers/wrangler/system-environment-variables/
---

--- 2024-12-25T23:55:34.496Z debug
.env file not found at "/home/yvesd/Codebases/Yves-donato/yves-proj/.dev.vars". Continuing... For more details, refer to https://developers.cloudflare.com/workers/wrangler/system-environment-variables/
---

--- 2024-12-25T23:55:34.499Z debug
.env file not found at "/home/yvesd/Codebases/Yves-donato/yves-proj/.dev.vars". Continuing... For more details, refer to https://developers.cloudflare.com/workers/wrangler/system-environment-variables/
---

--- 2024-12-25T23:55:34.503Z debug
.env file not found at "/home/yvesd/Codebases/Yves-donato/yves-proj/.dev.vars". Continuing... For more details, refer to https://developers.cloudflare.com/workers/wrangler/system-environment-variables/
---

--- 2024-12-25T23:55:34.512Z debug
.env file not found at "/home/yvesd/Codebases/Yves-donato/yves-proj/.dev.vars". Continuing... For more details, refer to https://developers.cloudflare.com/workers/wrangler/system-environment-variables/
---

--- 2024-12-25T23:55:34.516Z debug
.env file not found at "/home/yvesd/Codebases/Yves-donato/yves-proj/.dev.vars". Continuing... For more details, refer to https://developers.cloudflare.com/workers/wrangler/system-environment-variables/
---

--- 2024-12-25T23:55:34.520Z debug
.env file not found at "/home/yvesd/Codebases/Yves-donato/yves-proj/.dev.vars". Continuing... For more details, refer to https://developers.cloudflare.com/workers/wrangler/system-environment-variables/
---

--- 2024-12-25T23:55:34.524Z debug
.env file not found at "/home/yvesd/Codebases/Yves-donato/yves-proj/.dev.vars". Continuing... For more details, refer to https://developers.cloudflare.com/workers/wrangler/system-environment-variables/
---

--- 2024-12-25T23:55:34.527Z debug
.env file not found at "/home/yvesd/Codebases/Yves-donato/yves-proj/.dev.vars". Continuing... For more details, refer to https://developers.cloudflare.com/workers/wrangler/system-environment-variables/
---

--- 2024-12-25T23:55:34.531Z debug
.env file not found at "/home/yvesd/Codebases/Yves-donato/yves-proj/.dev.vars". Continuing... For more details, refer to https://developers.cloudflare.com/workers/wrangler/system-environment-variables/
---

--- 2024-12-25T23:55:34.534Z debug
.env file not found at "/home/yvesd/Codebases/Yves-donato/yves-proj/.dev.vars". Continuing... For more details, refer to https://developers.cloudflare.com/workers/wrangler/system-environment-variables/
---

--- 2024-12-25T23:55:34.538Z debug
.env file not found at "/home/yvesd/Codebases/Yves-donato/yves-proj/.dev.vars". Continuing... For more details, refer to https://developers.cloudflare.com/workers/wrangler/system-environment-variables/
---

--- 2024-12-25T23:55:34.542Z debug
.env file not found at "/home/yvesd/Codebases/Yves-donato/yves-proj/.dev.vars". Continuing... For more details, refer to https://developers.cloudflare.com/workers/wrangler/system-environment-variables/
---

--- 2024-12-25T23:55:34.547Z debug
.env file not found at "/home/yvesd/Codebases/Yves-donato/yves-proj/.dev.vars". Continuing... For more details, refer to https://developers.cloudflare.com/workers/wrangler/system-environment-variables/
---

--- 2024-12-25T23:55:34.550Z debug
.env file not found at "/home/yvesd/Codebases/Yves-donato/yves-proj/.dev.vars". Continuing... For more details, refer to https://developers.cloudflare.com/workers/wrangler/system-environment-variables/
---

--- 2024-12-25T23:55:34.553Z debug
.env file not found at "/home/yvesd/Codebases/Yves-donato/yves-proj/.dev.vars". Continuing... For more details, refer to https://developers.cloudflare.com/workers/wrangler/system-environment-variables/
---

--- 2024-12-25T23:55:34.561Z debug
.env file not found at "/home/yvesd/Codebases/Yves-donato/yves-proj/.dev.vars". Continuing... For more details, refer to https://developers.cloudflare.com/workers/wrangler/system-environment-variables/
---

--- 2024-12-25T23:55:34.565Z debug
.env file not found at "/home/yvesd/Codebases/Yves-donato/yves-proj/.dev.vars". Continuing... For more details, refer to https://developers.cloudflare.com/workers/wrangler/system-environment-variables/
---

--- 2024-12-25T23:55:34.569Z debug
.env file not found at "/home/yvesd/Codebases/Yves-donato/yves-proj/.dev.vars". Continuing... For more details, refer to https://developers.cloudflare.com/workers/wrangler/system-environment-variables/
---

--- 2024-12-25T23:55:34.572Z debug
.env file not found at "/home/yvesd/Codebases/Yves-donato/yves-proj/.dev.vars". Continuing... For more details, refer to https://developers.cloudflare.com/workers/wrangler/system-environment-variables/
---

--- 2024-12-25T23:55:34.575Z debug
.env file not found at "/home/yvesd/Codebases/Yves-donato/yves-proj/.dev.vars". Continuing... For more details, refer to https://developers.cloudflare.com/workers/wrangler/system-environment-variables/
---

--- 2024-12-25T23:55:34.579Z debug
.env file not found at "/home/yvesd/Codebases/Yves-donato/yves-proj/.dev.vars". Continuing... For more details, refer to https://developers.cloudflare.com/workers/wrangler/system-environment-variables/
---

--- 2024-12-25T23:55:34.583Z debug
.env file not found at "/home/yvesd/Codebases/Yves-donato/yves-proj/.dev.vars". Continuing... For more details, refer to https://developers.cloudflare.com/workers/wrangler/system-environment-variables/
---

--- 2024-12-25T23:55:34.586Z debug
.env file not found at "/home/yvesd/Codebases/Yves-donato/yves-proj/.dev.vars". Continuing... For more details, refer to https://developers.cloudflare.com/workers/wrangler/system-environment-variables/
---

--- 2024-12-25T23:55:34.589Z debug
.env file not found at "/home/yvesd/Codebases/Yves-donato/yves-proj/.dev.vars". Continuing... For more details, refer to https://developers.cloudflare.com/workers/wrangler/system-environment-variables/
---

--- 2024-12-25T23:55:34.593Z debug
.env file not found at "/home/yvesd/Codebases/Yves-donato/yves-proj/.dev.vars". Continuing... For more details, refer to https://developers.cloudflare.com/workers/wrangler/system-environment-variables/
---

--- 2024-12-25T23:55:34.596Z debug
.env file not found at "/home/yvesd/Codebases/Yves-donato/yves-proj/.dev.vars". Continuing... For more details, refer to https://developers.cloudflare.com/workers/wrangler/system-environment-variables/
---

--- 2024-12-25T23:55:34.599Z debug
.env file not found at "/home/yvesd/Codebases/Yves-donato/yves-proj/.dev.vars". Continuing... For more details, refer to https://developers.cloudflare.com/workers/wrangler/system-environment-variables/
---

--- 2024-12-25T23:55:34.608Z debug
.env file not found at "/home/yvesd/Codebases/Yves-donato/yves-proj/.dev.vars". Continuing... For more details, refer to https://developers.cloudflare.com/workers/wrangler/system-environment-variables/
---

--- 2024-12-25T23:55:34.611Z debug
.env file not found at "/home/yvesd/Codebases/Yves-donato/yves-proj/.dev.vars". Continuing... For more details, refer to https://developers.cloudflare.com/workers/wrangler/system-environment-variables/
---

--- 2024-12-25T23:55:34.615Z debug
.env file not found at "/home/yvesd/Codebases/Yves-donato/yves-proj/.dev.vars". Continuing... For more details, refer to https://developers.cloudflare.com/workers/wrangler/system-environment-variables/
---

--- 2024-12-25T23:55:34.618Z debug
.env file not found at "/home/yvesd/Codebases/Yves-donato/yves-proj/.dev.vars". Continuing... For more details, refer to https://developers.cloudflare.com/workers/wrangler/system-environment-variables/
---

--- 2024-12-25T23:55:34.622Z debug
.env file not found at "/home/yvesd/Codebases/Yves-donato/yves-proj/.dev.vars". Continuing... For more details, refer to https://developers.cloudflare.com/workers/wrangler/system-environment-variables/
---

--- 2024-12-25T23:55:34.625Z debug
.env file not found at "/home/yvesd/Codebases/Yves-donato/yves-proj/.dev.vars". Continuing... For more details, refer to https://developers.cloudflare.com/workers/wrangler/system-environment-variables/
---

--- 2024-12-25T23:55:34.629Z debug
.env file not found at "/home/yvesd/Codebases/Yves-donato/yves-proj/.dev.vars". Continuing... For more details, refer to https://developers.cloudflare.com/workers/wrangler/system-environment-variables/
---

--- 2024-12-25T23:55:34.632Z debug
.env file not found at "/home/yvesd/Codebases/Yves-donato/yves-proj/.dev.vars". Continuing... For more details, refer to https://developers.cloudflare.com/workers/wrangler/system-environment-variables/
---

--- 2024-12-25T23:55:34.635Z debug
.env file not found at "/home/yvesd/Codebases/Yves-donato/yves-proj/.dev.vars". Continuing... For more details, refer to https://developers.cloudflare.com/workers/wrangler/system-environment-variables/
---

--- 2024-12-25T23:55:34.638Z debug
.env file not found at "/home/yvesd/Codebases/Yves-donato/yves-proj/.dev.vars". Continuing... For more details, refer to https://developers.cloudflare.com/workers/wrangler/system-environment-variables/
---

--- 2024-12-25T23:55:34.642Z debug
.env file not found at "/home/yvesd/Codebases/Yves-donato/yves-proj/.dev.vars". Continuing... For more details, refer to https://developers.cloudflare.com/workers/wrangler/system-environment-variables/
---

--- 2024-12-25T23:55:34.650Z debug
.env file not found at "/home/yvesd/Codebases/Yves-donato/yves-proj/.dev.vars". Continuing... For more details, refer to https://developers.cloudflare.com/workers/wrangler/system-environment-variables/
---

--- 2024-12-25T23:55:34.654Z debug
.env file not found at "/home/yvesd/Codebases/Yves-donato/yves-proj/.dev.vars". Continuing... For more details, refer to https://developers.cloudflare.com/workers/wrangler/system-environment-variables/
---

--- 2024-12-25T23:55:34.657Z debug
.env file not found at "/home/yvesd/Codebases/Yves-donato/yves-proj/.dev.vars". Continuing... For more details, refer to https://developers.cloudflare.com/workers/wrangler/system-environment-variables/
---

--- 2024-12-25T23:55:34.660Z debug
.env file not found at "/home/yvesd/Codebases/Yves-donato/yves-proj/.dev.vars". Continuing... For more details, refer to https://developers.cloudflare.com/workers/wrangler/system-environment-variables/
---

--- 2024-12-25T23:55:34.664Z debug
.env file not found at "/home/yvesd/Codebases/Yves-donato/yves-proj/.dev.vars". Continuing... For more details, refer to https://developers.cloudflare.com/workers/wrangler/system-environment-variables/
---

--- 2024-12-25T23:55:34.666Z debug
.env file not found at "/home/yvesd/Codebases/Yves-donato/yves-proj/.dev.vars". Continuing... For more details, refer to https://developers.cloudflare.com/workers/wrangler/system-environment-variables/
---

--- 2024-12-25T23:55:34.670Z debug
.env file not found at "/home/yvesd/Codebases/Yves-donato/yves-proj/.dev.vars". Continuing... For more details, refer to https://developers.cloudflare.com/workers/wrangler/system-environment-variables/
---

--- 2024-12-25T23:55:34.673Z debug
.env file not found at "/home/yvesd/Codebases/Yves-donato/yves-proj/.dev.vars". Continuing... For more details, refer to https://developers.cloudflare.com/workers/wrangler/system-environment-variables/
---

--- 2024-12-25T23:55:34.676Z debug
.env file not found at "/home/yvesd/Codebases/Yves-donato/yves-proj/.dev.vars". Continuing... For more details, refer to https://developers.cloudflare.com/workers/wrangler/system-environment-variables/
---

--- 2024-12-25T23:55:34.679Z debug
.env file not found at "/home/yvesd/Codebases/Yves-donato/yves-proj/.dev.vars". Continuing... For more details, refer to https://developers.cloudflare.com/workers/wrangler/system-environment-variables/
---

--- 2024-12-25T23:55:34.682Z debug
.env file not found at "/home/yvesd/Codebases/Yves-donato/yves-proj/.dev.vars". Continuing... For more details, refer to https://developers.cloudflare.com/workers/wrangler/system-environment-variables/
---

--- 2024-12-25T23:55:34.685Z debug
.env file not found at "/home/yvesd/Codebases/Yves-donato/yves-proj/.dev.vars". Continuing... For more details, refer to https://developers.cloudflare.com/workers/wrangler/system-environment-variables/
---

--- 2024-12-25T23:55:34.692Z debug
.env file not found at "/home/yvesd/Codebases/Yves-donato/yves-proj/.dev.vars". Continuing... For more details, refer to https://developers.cloudflare.com/workers/wrangler/system-environment-variables/
---

--- 2024-12-25T23:55:34.695Z debug
.env file not found at "/home/yvesd/Codebases/Yves-donato/yves-proj/.dev.vars". Continuing... For more details, refer to https://developers.cloudflare.com/workers/wrangler/system-environment-variables/
---

--- 2024-12-25T23:55:34.698Z debug
.env file not found at "/home/yvesd/Codebases/Yves-donato/yves-proj/.dev.vars". Continuing... For more details, refer to https://developers.cloudflare.com/workers/wrangler/system-environment-variables/
---

--- 2024-12-25T23:55:34.701Z debug
.env file not found at "/home/yvesd/Codebases/Yves-donato/yves-proj/.dev.vars". Continuing... For more details, refer to https://developers.cloudflare.com/workers/wrangler/system-environment-variables/
---

--- 2024-12-25T23:55:34.754Z debug
.env file not found at "/home/yvesd/Codebases/Yves-donato/yves-proj/.dev.vars". Continuing... For more details, refer to https://developers.cloudflare.com/workers/wrangler/system-environment-variables/
---

--- 2024-12-25T23:55:34.757Z debug
.env file not found at "/home/yvesd/Codebases/Yves-donato/yves-proj/.dev.vars". Continuing... For more details, refer to https://developers.cloudflare.com/workers/wrangler/system-environment-variables/
---

--- 2024-12-25T23:55:34.760Z debug
.env file not found at "/home/yvesd/Codebases/Yves-donato/yves-proj/.dev.vars". Continuing... For more details, refer to https://developers.cloudflare.com/workers/wrangler/system-environment-variables/
---

--- 2024-12-25T23:55:34.767Z debug
.env file not found at "/home/yvesd/Codebases/Yves-donato/yves-proj/.dev.vars". Continuing... For more details, refer to https://developers.cloudflare.com/workers/wrangler/system-environment-variables/
---

--- 2024-12-25T23:55:34.770Z debug
.env file not found at "/home/yvesd/Codebases/Yves-donato/yves-proj/.dev.vars". Continuing... For more details, refer to https://developers.cloudflare.com/workers/wrangler/system-environment-variables/
---

--- 2024-12-25T23:55:34.773Z debug
.env file not found at "/home/yvesd/Codebases/Yves-donato/yves-proj/.dev.vars". Continuing... For more details, refer to https://developers.cloudflare.com/workers/wrangler/system-environment-variables/
---

--- 2024-12-25T23:55:34.776Z debug
.env file not found at "/home/yvesd/Codebases/Yves-donato/yves-proj/.dev.vars". Continuing... For more details, refer to https://developers.cloudflare.com/workers/wrangler/system-environment-variables/
---

--- 2024-12-25T23:55:34.779Z debug
.env file not found at "/home/yvesd/Codebases/Yves-donato/yves-proj/.dev.vars". Continuing... For more details, refer to https://developers.cloudflare.com/workers/wrangler/system-environment-variables/
---

--- 2024-12-25T23:55:34.782Z debug
.env file not found at "/home/yvesd/Codebases/Yves-donato/yves-proj/.dev.vars". Continuing... For more details, refer to https://developers.cloudflare.com/workers/wrangler/system-environment-variables/
---

--- 2024-12-25T23:55:34.784Z debug
.env file not found at "/home/yvesd/Codebases/Yves-donato/yves-proj/.dev.vars". Continuing... For more details, refer to https://developers.cloudflare.com/workers/wrangler/system-environment-variables/
---

--- 2024-12-25T23:55:34.788Z debug
.env file not found at "/home/yvesd/Codebases/Yves-donato/yves-proj/.dev.vars". Continuing... For more details, refer to https://developers.cloudflare.com/workers/wrangler/system-environment-variables/
---

--- 2024-12-25T23:55:34.791Z debug
.env file not found at "/home/yvesd/Codebases/Yves-donato/yves-proj/.dev.vars". Continuing... For more details, refer to https://developers.cloudflare.com/workers/wrangler/system-environment-variables/
---

--- 2024-12-25T23:55:34.793Z debug
.env file not found at "/home/yvesd/Codebases/Yves-donato/yves-proj/.dev.vars". Continuing... For more details, refer to https://developers.cloudflare.com/workers/wrangler/system-environment-variables/
---

--- 2024-12-25T23:55:34.796Z debug
.env file not found at "/home/yvesd/Codebases/Yves-donato/yves-proj/.dev.vars". Continuing... For more details, refer to https://developers.cloudflare.com/workers/wrangler/system-environment-variables/
---

--- 2024-12-25T23:55:34.799Z debug
.env file not found at "/home/yvesd/Codebases/Yves-donato/yves-proj/.dev.vars". Continuing... For more details, refer to https://developers.cloudflare.com/workers/wrangler/system-environment-variables/
---

--- 2024-12-25T23:55:34.807Z debug
.env file not found at "/home/yvesd/Codebases/Yves-donato/yves-proj/.dev.vars". Continuing... For more details, refer to https://developers.cloudflare.com/workers/wrangler/system-environment-variables/
---

--- 2024-12-25T23:55:34.810Z debug
.env file not found at "/home/yvesd/Codebases/Yves-donato/yves-proj/.dev.vars". Continuing... For more details, refer to https://developers.cloudflare.com/workers/wrangler/system-environment-variables/
---

--- 2024-12-25T23:55:34.813Z debug
.env file not found at "/home/yvesd/Codebases/Yves-donato/yves-proj/.dev.vars". Continuing... For more details, refer to https://developers.cloudflare.com/workers/wrangler/system-environment-variables/
---

--- 2024-12-25T23:55:34.815Z debug
.env file not found at "/home/yvesd/Codebases/Yves-donato/yves-proj/.dev.vars". Continuing... For more details, refer to https://developers.cloudflare.com/workers/wrangler/system-environment-variables/
---

--- 2024-12-25T23:55:34.818Z debug
.env file not found at "/home/yvesd/Codebases/Yves-donato/yves-proj/.dev.vars". Continuing... For more details, refer to https://developers.cloudflare.com/workers/wrangler/system-environment-variables/
---

--- 2024-12-25T23:55:34.821Z debug
.env file not found at "/home/yvesd/Codebases/Yves-donato/yves-proj/.dev.vars". Continuing... For more details, refer to https://developers.cloudflare.com/workers/wrangler/system-environment-variables/
---

--- 2024-12-25T23:55:34.824Z debug
.env file not found at "/home/yvesd/Codebases/Yves-donato/yves-proj/.dev.vars". Continuing... For more details, refer to https://developers.cloudflare.com/workers/wrangler/system-environment-variables/
---

--- 2024-12-25T23:55:34.826Z debug
.env file not found at "/home/yvesd/Codebases/Yves-donato/yves-proj/.dev.vars". Continuing... For more details, refer to https://developers.cloudflare.com/workers/wrangler/system-environment-variables/
---

--- 2024-12-25T23:55:34.829Z debug
.env file not found at "/home/yvesd/Codebases/Yves-donato/yves-proj/.dev.vars". Continuing... For more details, refer to https://developers.cloudflare.com/workers/wrangler/system-environment-variables/
---

--- 2024-12-25T23:55:34.831Z debug
.env file not found at "/home/yvesd/Codebases/Yves-donato/yves-proj/.dev.vars". Continuing... For more details, refer to https://developers.cloudflare.com/workers/wrangler/system-environment-variables/
---

--- 2024-12-25T23:55:34.834Z debug
.env file not found at "/home/yvesd/Codebases/Yves-donato/yves-proj/.dev.vars". Continuing... For more details, refer to https://developers.cloudflare.com/workers/wrangler/system-environment-variables/
---

--- 2024-12-25T23:55:34.842Z debug
.env file not found at "/home/yvesd/Codebases/Yves-donato/yves-proj/.dev.vars". Continuing... For more details, refer to https://developers.cloudflare.com/workers/wrangler/system-environment-variables/
---

--- 2024-12-25T23:55:34.845Z debug
.env file not found at "/home/yvesd/Codebases/Yves-donato/yves-proj/.dev.vars". Continuing... For more details, refer to https://developers.cloudflare.com/workers/wrangler/system-environment-variables/
---

--- 2024-12-25T23:55:34.848Z debug
.env file not found at "/home/yvesd/Codebases/Yves-donato/yves-proj/.dev.vars". Continuing... For more details, refer to https://developers.cloudflare.com/workers/wrangler/system-environment-variables/
---

--- 2024-12-25T23:55:34.987Z debug
.env file not found at "/home/yvesd/Codebases/Yves-donato/yves-proj/.dev.vars". Continuing... For more details, refer to https://developers.cloudflare.com/workers/wrangler/system-environment-variables/
---

--- 2024-12-25T23:55:34.990Z debug
.env file not found at "/home/yvesd/Codebases/Yves-donato/yves-proj/.dev.vars". Continuing... For more details, refer to https://developers.cloudflare.com/workers/wrangler/system-environment-variables/
---

--- 2024-12-25T23:55:34.993Z debug
.env file not found at "/home/yvesd/Codebases/Yves-donato/yves-proj/.dev.vars". Continuing... For more details, refer to https://developers.cloudflare.com/workers/wrangler/system-environment-variables/
---

--- 2024-12-25T23:55:34.997Z debug
.env file not found at "/home/yvesd/Codebases/Yves-donato/yves-proj/.dev.vars". Continuing... For more details, refer to https://developers.cloudflare.com/workers/wrangler/system-environment-variables/
---

--- 2024-12-25T23:55:35.000Z debug
.env file not found at "/home/yvesd/Codebases/Yves-donato/yves-proj/.dev.vars". Continuing... For more details, refer to https://developers.cloudflare.com/workers/wrangler/system-environment-variables/
---

--- 2024-12-25T23:55:35.008Z debug
.env file not found at "/home/yvesd/Codebases/Yves-donato/yves-proj/.dev.vars". Continuing... For more details, refer to https://developers.cloudflare.com/workers/wrangler/system-environment-variables/
---

--- 2024-12-25T23:55:35.012Z debug
.env file not found at "/home/yvesd/Codebases/Yves-donato/yves-proj/.dev.vars". Continuing... For more details, refer to https://developers.cloudflare.com/workers/wrangler/system-environment-variables/
---

--- 2024-12-25T23:55:35.015Z debug
.env file not found at "/home/yvesd/Codebases/Yves-donato/yves-proj/.dev.vars". Continuing... For more details, refer to https://developers.cloudflare.com/workers/wrangler/system-environment-variables/
---

--- 2024-12-25T23:55:35.018Z debug
.env file not found at "/home/yvesd/Codebases/Yves-donato/yves-proj/.dev.vars". Continuing... For more details, refer to https://developers.cloudflare.com/workers/wrangler/system-environment-variables/
---

--- 2024-12-25T23:55:35.021Z debug
.env file not found at "/home/yvesd/Codebases/Yves-donato/yves-proj/.dev.vars". Continuing... For more details, refer to https://developers.cloudflare.com/workers/wrangler/system-environment-variables/
---

--- 2024-12-25T23:55:35.025Z debug
.env file not found at "/home/yvesd/Codebases/Yves-donato/yves-proj/.dev.vars". Continuing... For more details, refer to https://developers.cloudflare.com/workers/wrangler/system-environment-variables/
---

--- 2024-12-25T23:55:35.028Z debug
.env file not found at "/home/yvesd/Codebases/Yves-donato/yves-proj/.dev.vars". Continuing... For more details, refer to https://developers.cloudflare.com/workers/wrangler/system-environment-variables/
---

--- 2024-12-25T23:55:35.032Z debug
.env file not found at "/home/yvesd/Codebases/Yves-donato/yves-proj/.dev.vars". Continuing... For more details, refer to https://developers.cloudflare.com/workers/wrangler/system-environment-variables/
---

--- 2024-12-25T23:55:35.035Z debug
.env file not found at "/home/yvesd/Codebases/Yves-donato/yves-proj/.dev.vars". Continuing... For more details, refer to https://developers.cloudflare.com/workers/wrangler/system-environment-variables/
---

--- 2024-12-25T23:55:35.039Z debug
.env file not found at "/home/yvesd/Codebases/Yves-donato/yves-proj/.dev.vars". Continuing... For more details, refer to https://developers.cloudflare.com/workers/wrangler/system-environment-variables/
---

--- 2024-12-25T23:55:35.042Z debug
.env file not found at "/home/yvesd/Codebases/Yves-donato/yves-proj/.dev.vars". Continuing... For more details, refer to https://developers.cloudflare.com/workers/wrangler/system-environment-variables/
---

--- 2024-12-25T23:55:35.051Z debug
.env file not found at "/home/yvesd/Codebases/Yves-donato/yves-proj/.dev.vars". Continuing... For more details, refer to https://developers.cloudflare.com/workers/wrangler/system-environment-variables/
---

--- 2024-12-25T23:55:35.055Z debug
.env file not found at "/home/yvesd/Codebases/Yves-donato/yves-proj/.dev.vars". Continuing... For more details, refer to https://developers.cloudflare.com/workers/wrangler/system-environment-variables/
---

--- 2024-12-25T23:55:35.059Z debug
.env file not found at "/home/yvesd/Codebases/Yves-donato/yves-proj/.dev.vars". Continuing... For more details, refer to https://developers.cloudflare.com/workers/wrangler/system-environment-variables/
---

--- 2024-12-25T23:55:35.063Z debug
.env file not found at "/home/yvesd/Codebases/Yves-donato/yves-proj/.dev.vars". Continuing... For more details, refer to https://developers.cloudflare.com/workers/wrangler/system-environment-variables/
---

--- 2024-12-25T23:55:35.067Z debug
.env file not found at "/home/yvesd/Codebases/Yves-donato/yves-proj/.dev.vars". Continuing... For more details, refer to https://developers.cloudflare.com/workers/wrangler/system-environment-variables/
---

--- 2024-12-25T23:55:35.070Z debug
.env file not found at "/home/yvesd/Codebases/Yves-donato/yves-proj/.dev.vars". Continuing... For more details, refer to https://developers.cloudflare.com/workers/wrangler/system-environment-variables/
---

--- 2024-12-25T23:55:35.074Z debug
.env file not found at "/home/yvesd/Codebases/Yves-donato/yves-proj/.dev.vars". Continuing... For more details, refer to https://developers.cloudflare.com/workers/wrangler/system-environment-variables/
---

--- 2024-12-25T23:55:35.077Z debug
.env file not found at "/home/yvesd/Codebases/Yves-donato/yves-proj/.dev.vars". Continuing... For more details, refer to https://developers.cloudflare.com/workers/wrangler/system-environment-variables/
---

--- 2024-12-25T23:55:35.081Z debug
.env file not found at "/home/yvesd/Codebases/Yves-donato/yves-proj/.dev.vars". Continuing... For more details, refer to https://developers.cloudflare.com/workers/wrangler/system-environment-variables/
---

--- 2024-12-25T23:55:35.084Z debug
.env file not found at "/home/yvesd/Codebases/Yves-donato/yves-proj/.dev.vars". Continuing... For more details, refer to https://developers.cloudflare.com/workers/wrangler/system-environment-variables/
---

--- 2024-12-25T23:55:35.088Z debug
.env file not found at "/home/yvesd/Codebases/Yves-donato/yves-proj/.dev.vars". Continuing... For more details, refer to https://developers.cloudflare.com/workers/wrangler/system-environment-variables/
---

--- 2024-12-25T23:55:35.092Z debug
.env file not found at "/home/yvesd/Codebases/Yves-donato/yves-proj/.dev.vars". Continuing... For more details, refer to https://developers.cloudflare.com/workers/wrangler/system-environment-variables/
---

--- 2024-12-25T23:55:35.101Z debug
.env file not found at "/home/yvesd/Codebases/Yves-donato/yves-proj/.dev.vars". Continuing... For more details, refer to https://developers.cloudflare.com/workers/wrangler/system-environment-variables/
---

--- 2024-12-25T23:55:35.106Z debug
.env file not found at "/home/yvesd/Codebases/Yves-donato/yves-proj/.dev.vars". Continuing... For more details, refer to https://developers.cloudflare.com/workers/wrangler/system-environment-variables/
---

--- 2024-12-25T23:55:35.110Z debug
.env file not found at "/home/yvesd/Codebases/Yves-donato/yves-proj/.dev.vars". Continuing... For more details, refer to https://developers.cloudflare.com/workers/wrangler/system-environment-variables/
---

--- 2024-12-25T23:55:35.115Z debug
.env file not found at "/home/yvesd/Codebases/Yves-donato/yves-proj/.dev.vars". Continuing... For more details, refer to https://developers.cloudflare.com/workers/wrangler/system-environment-variables/
---

--- 2024-12-25T23:55:35.119Z debug
.env file not found at "/home/yvesd/Codebases/Yves-donato/yves-proj/.dev.vars". Continuing... For more details, refer to https://developers.cloudflare.com/workers/wrangler/system-environment-variables/
---

--- 2024-12-25T23:55:35.123Z debug
.env file not found at "/home/yvesd/Codebases/Yves-donato/yves-proj/.dev.vars". Continuing... For more details, refer to https://developers.cloudflare.com/workers/wrangler/system-environment-variables/
---

--- 2024-12-25T23:55:35.126Z debug
.env file not found at "/home/yvesd/Codebases/Yves-donato/yves-proj/.dev.vars". Continuing... For more details, refer to https://developers.cloudflare.com/workers/wrangler/system-environment-variables/
---

--- 2024-12-25T23:55:35.130Z debug
.env file not found at "/home/yvesd/Codebases/Yves-donato/yves-proj/.dev.vars". Continuing... For more details, refer to https://developers.cloudflare.com/workers/wrangler/system-environment-variables/
---

--- 2024-12-25T23:55:35.133Z debug
.env file not found at "/home/yvesd/Codebases/Yves-donato/yves-proj/.dev.vars". Continuing... For more details, refer to https://developers.cloudflare.com/workers/wrangler/system-environment-variables/
---

--- 2024-12-25T23:55:35.137Z debug
.env file not found at "/home/yvesd/Codebases/Yves-donato/yves-proj/.dev.vars". Continuing... For more details, refer to https://developers.cloudflare.com/workers/wrangler/system-environment-variables/
---

--- 2024-12-25T23:55:35.140Z debug
.env file not found at "/home/yvesd/Codebases/Yves-donato/yves-proj/.dev.vars". Continuing... For more details, refer to https://developers.cloudflare.com/workers/wrangler/system-environment-variables/
---

--- 2024-12-25T23:55:35.144Z debug
.env file not found at "/home/yvesd/Codebases/Yves-donato/yves-proj/.dev.vars". Continuing... For more details, refer to https://developers.cloudflare.com/workers/wrangler/system-environment-variables/
---

--- 2024-12-25T23:55:35.153Z debug
.env file not found at "/home/yvesd/Codebases/Yves-donato/yves-proj/.dev.vars". Continuing... For more details, refer to https://developers.cloudflare.com/workers/wrangler/system-environment-variables/
---

--- 2024-12-25T23:55:35.157Z debug
.env file not found at "/home/yvesd/Codebases/Yves-donato/yves-proj/.dev.vars". Continuing... For more details, refer to https://developers.cloudflare.com/workers/wrangler/system-environment-variables/
---

--- 2024-12-25T23:55:35.160Z debug
.env file not found at "/home/yvesd/Codebases/Yves-donato/yves-proj/.dev.vars". Continuing... For more details, refer to https://developers.cloudflare.com/workers/wrangler/system-environment-variables/
---

--- 2024-12-25T23:55:35.164Z debug
.env file not found at "/home/yvesd/Codebases/Yves-donato/yves-proj/.dev.vars". Continuing... For more details, refer to https://developers.cloudflare.com/workers/wrangler/system-environment-variables/
---

--- 2024-12-25T23:55:35.167Z debug
.env file not found at "/home/yvesd/Codebases/Yves-donato/yves-proj/.dev.vars". Continuing... For more details, refer to https://developers.cloudflare.com/workers/wrangler/system-environment-variables/
---

--- 2024-12-25T23:55:35.171Z debug
.env file not found at "/home/yvesd/Codebases/Yves-donato/yves-proj/.dev.vars". Continuing... For more details, refer to https://developers.cloudflare.com/workers/wrangler/system-environment-variables/
---

--- 2024-12-25T23:55:35.174Z debug
.env file not found at "/home/yvesd/Codebases/Yves-donato/yves-proj/.dev.vars". Continuing... For more details, refer to https://developers.cloudflare.com/workers/wrangler/system-environment-variables/
---

--- 2024-12-25T23:55:35.177Z debug
.env file not found at "/home/yvesd/Codebases/Yves-donato/yves-proj/.dev.vars". Continuing... For more details, refer to https://developers.cloudflare.com/workers/wrangler/system-environment-variables/
---

--- 2024-12-25T23:55:35.180Z debug
.env file not found at "/home/yvesd/Codebases/Yves-donato/yves-proj/.dev.vars". Continuing... For more details, refer to https://developers.cloudflare.com/workers/wrangler/system-environment-variables/
---

--- 2024-12-25T23:55:35.184Z debug
.env file not found at "/home/yvesd/Codebases/Yves-donato/yves-proj/.dev.vars". Continuing... For more details, refer to https://developers.cloudflare.com/workers/wrangler/system-environment-variables/
---

--- 2024-12-25T23:55:35.187Z debug
.env file not found at "/home/yvesd/Codebases/Yves-donato/yves-proj/.dev.vars". Continuing... For more details, refer to https://developers.cloudflare.com/workers/wrangler/system-environment-variables/
---

--- 2024-12-25T23:55:35.196Z debug
.env file not found at "/home/yvesd/Codebases/Yves-donato/yves-proj/.dev.vars". Continuing... For more details, refer to https://developers.cloudflare.com/workers/wrangler/system-environment-variables/
---

--- 2024-12-25T23:55:35.201Z debug
.env file not found at "/home/yvesd/Codebases/Yves-donato/yves-proj/.dev.vars". Continuing... For more details, refer to https://developers.cloudflare.com/workers/wrangler/system-environment-variables/
---

--- 2024-12-25T23:55:35.206Z debug
.env file not found at "/home/yvesd/Codebases/Yves-donato/yves-proj/.dev.vars". Continuing... For more details, refer to https://developers.cloudflare.com/workers/wrangler/system-environment-variables/
---

--- 2024-12-25T23:55:35.210Z debug
.env file not found at "/home/yvesd/Codebases/Yves-donato/yves-proj/.dev.vars". Continuing... For more details, refer to https://developers.cloudflare.com/workers/wrangler/system-environment-variables/
---

--- 2024-12-25T23:55:35.213Z debug
.env file not found at "/home/yvesd/Codebases/Yves-donato/yves-proj/.dev.vars". Continuing... For more details, refer to https://developers.cloudflare.com/workers/wrangler/system-environment-variables/
---

--- 2024-12-25T23:55:35.217Z debug
.env file not found at "/home/yvesd/Codebases/Yves-donato/yves-proj/.dev.vars". Continuing... For more details, refer to https://developers.cloudflare.com/workers/wrangler/system-environment-variables/
---

--- 2024-12-25T23:55:35.221Z debug
.env file not found at "/home/yvesd/Codebases/Yves-donato/yves-proj/.dev.vars". Continuing... For more details, refer to https://developers.cloudflare.com/workers/wrangler/system-environment-variables/
---

--- 2024-12-25T23:55:35.224Z debug
.env file not found at "/home/yvesd/Codebases/Yves-donato/yves-proj/.dev.vars". Continuing... For more details, refer to https://developers.cloudflare.com/workers/wrangler/system-environment-variables/
---

--- 2024-12-25T23:55:35.228Z debug
.env file not found at "/home/yvesd/Codebases/Yves-donato/yves-proj/.dev.vars". Continuing... For more details, refer to https://developers.cloudflare.com/workers/wrangler/system-environment-variables/
---

--- 2024-12-25T23:55:35.232Z debug
.env file not found at "/home/yvesd/Codebases/Yves-donato/yves-proj/.dev.vars". Continuing... For more details, refer to https://developers.cloudflare.com/workers/wrangler/system-environment-variables/
---

--- 2024-12-25T23:55:35.235Z debug
.env file not found at "/home/yvesd/Codebases/Yves-donato/yves-proj/.dev.vars". Continuing... For more details, refer to https://developers.cloudflare.com/workers/wrangler/system-environment-variables/
---

--- 2024-12-25T23:55:35.238Z debug
.env file not found at "/home/yvesd/Codebases/Yves-donato/yves-proj/.dev.vars". Continuing... For more details, refer to https://developers.cloudflare.com/workers/wrangler/system-environment-variables/
---

--- 2024-12-25T23:55:35.247Z debug
.env file not found at "/home/yvesd/Codebases/Yves-donato/yves-proj/.dev.vars". Continuing... For more details, refer to https://developers.cloudflare.com/workers/wrangler/system-environment-variables/
---

--- 2024-12-25T23:55:35.250Z debug
.env file not found at "/home/yvesd/Codebases/Yves-donato/yves-proj/.dev.vars". Continuing... For more details, refer to https://developers.cloudflare.com/workers/wrangler/system-environment-variables/
---

--- 2024-12-25T23:55:35.254Z debug
.env file not found at "/home/yvesd/Codebases/Yves-donato/yves-proj/.dev.vars". Continuing... For more details, refer to https://developers.cloudflare.com/workers/wrangler/system-environment-variables/
---

--- 2024-12-25T23:55:35.258Z debug
.env file not found at "/home/yvesd/Codebases/Yves-donato/yves-proj/.dev.vars". Continuing... For more details, refer to https://developers.cloudflare.com/workers/wrangler/system-environment-variables/
---

--- 2024-12-25T23:55:35.262Z debug
.env file not found at "/home/yvesd/Codebases/Yves-donato/yves-proj/.dev.vars". Continuing... For more details, refer to https://developers.cloudflare.com/workers/wrangler/system-environment-variables/
---

--- 2024-12-25T23:55:35.265Z debug
.env file not found at "/home/yvesd/Codebases/Yves-donato/yves-proj/.dev.vars". Continuing... For more details, refer to https://developers.cloudflare.com/workers/wrangler/system-environment-variables/
---

--- 2024-12-25T23:55:35.269Z debug
.env file not found at "/home/yvesd/Codebases/Yves-donato/yves-proj/.dev.vars". Continuing... For more details, refer to https://developers.cloudflare.com/workers/wrangler/system-environment-variables/
---

--- 2024-12-25T23:55:35.272Z debug
.env file not found at "/home/yvesd/Codebases/Yves-donato/yves-proj/.dev.vars". Continuing... For more details, refer to https://developers.cloudflare.com/workers/wrangler/system-environment-variables/
---

--- 2024-12-25T23:55:35.276Z debug
.env file not found at "/home/yvesd/Codebases/Yves-donato/yves-proj/.dev.vars". Continuing... For more details, refer to https://developers.cloudflare.com/workers/wrangler/system-environment-variables/
---

--- 2024-12-25T23:55:35.280Z debug
.env file not found at "/home/yvesd/Codebases/Yves-donato/yves-proj/.dev.vars". Continuing... For more details, refer to https://developers.cloudflare.com/workers/wrangler/system-environment-variables/
---

--- 2024-12-25T23:55:35.283Z debug
.env file not found at "/home/yvesd/Codebases/Yves-donato/yves-proj/.dev.vars". Continuing... For more details, refer to https://developers.cloudflare.com/workers/wrangler/system-environment-variables/
---
